,ds,trend,trend_lower,trend_upper,yhat_lower,yhat_upper,daily,daily_lower,daily_upper,seasonal,seasonal_lower,seasonal_upper,seasonalities,seasonalities_lower,seasonalities_upper,yhat
0,2018-03-09 14:59:53,0.0003421907500475333,0.0003421907500475333,0.0003421907500475333,0.00033252721274208057,0.0003456546147924784,-2.894339296169718e-06,-2.894339296169718e-06,-2.894339296169718e-06,-2.894339296169718e-06,-2.894339296169718e-06,-2.894339296169718e-06,-2.894339296169718e-06,-2.894339296169718e-06,-2.894339296169718e-06,0.0003392964107513636
1,2018-03-09 15:59:48,0.0003435223671108929,0.0003435223671108929,0.0003435223671108929,0.00033243894758350185,0.00034520356064621823,-4.632562822663508e-06,-4.632562822663508e-06,-4.632562822663508e-06,-4.632562822663508e-06,-4.632562822663508e-06,-4.632562822663508e-06,-4.632562822663508e-06,-4.632562822663508e-06,-4.632562822663508e-06,0.00033888980428822943
2,2018-03-09 16:59:28,0.0003448484280529868,0.00034484842805298675,0.00034484842805298675,0.0003332979201912534,0.0003468041630833068,-4.802864892088871e-06,-4.802864892088871e-06,-4.802864892088871e-06,-4.802864892088871e-06,-4.802864892088871e-06,-4.802864892088871e-06,-4.802864892088871e-06,-4.802864892088871e-06,-4.802864892088871e-06,0.00034004556316089793
3,2018-03-09 17:59:44,0.0003461878236861185,0.0003461878236861185,0.0003461878236861185,0.0003366577296808574,0.00034946465104218426,-3.2433404191944247e-06,-3.2433404191944247e-06,-3.2433404191944247e-06,-3.2433404191944247e-06,-3.2433404191944247e-06,-3.2433404191944247e-06,-3.2433404191944247e-06,-3.2433404191944247e-06,-3.2433404191944247e-06,0.0003429444832669241
4,2018-03-09 18:59:50,0.0003475235152384064,0.0003475235152384064,0.0003475235152384064,0.0003392910823508395,0.0003529495736762162,-1.218506301569919e-06,-1.218506301569919e-06,-1.218506301569919e-06,-1.218506301569919e-06,-1.218506301569919e-06,-1.218506301569919e-06,-1.218506301569919e-06,-1.218506301569919e-06,-1.218506301569919e-06,0.00034630500893683644
5,2018-03-09 19:58:24,0.00034882512924693096,0.00034882512924693096,0.00034882512924693096,0.0003421093975971188,0.00035503924145521257,-2.922387729664961e-07,-2.922387729664961e-07,-2.922387729664961e-07,-2.922387729664961e-07,-2.922387729664961e-07,-2.922387729664961e-07,-2.922387729664961e-07,-2.922387729664961e-07,-2.922387729664961e-07,0.00034853289047396445
6,2018-03-09 20:59:34,0.00035018452691661935,0.00035018452691661935,0.00035018452691661935,0.00034254802841655765,0.00035594553044170205,-8.96408244438742e-07,-8.96408244438742e-07,-8.96408244438742e-07,-8.96408244438742e-07,-8.96408244438742e-07,-8.96408244438742e-07,-8.96408244438742e-07,-8.96408244438742e-07,-8.96408244438742e-07,0.0003492881186721806
7,2018-03-09 21:59:29,0.00035151614396297914,0.00035151614396297914,0.00035151614396297914,0.0003432208260587123,0.00035599383113708107,-2.0276070613751983e-06,-2.0276070613751983e-06,-2.0276070613751983e-06,-2.0276070613751983e-06,-2.0276070613751983e-06,-2.0276070613751983e-06,-2.0276070613751983e-06,-2.0276070613751983e-06,-2.0276070613751983e-06,0.0003494885369016039
8,2018-03-09 22:59:48,0.00035285665080325067,0.0003528566508032507,0.0003528566508032507,0.00034382544780980044,0.00035738218798304927,-2.199375135542561e-06,-2.199375135542561e-06,-2.199375135542561e-06,-2.199375135542561e-06,-2.199375135542561e-06,-2.199375135542561e-06,-2.199375135542561e-06,-2.199375135542561e-06,-2.199375135542561e-06,0.0003506572756677081
9,2018-03-09 23:59:49,0.0003541904902980883,0.0003541904902980883,0.0003541904902980883,0.0003467800411023886,0.0003599320868794293,-8.525861495752399e-07,-8.525861495752399e-07,-8.525861495752399e-07,-8.525861495752399e-07,-8.525861495752399e-07,-8.525861495752399e-07,-8.525861495752399e-07,-8.525861495752399e-07,-8.525861495752399e-07,0.00035333790414851307
10,2018-03-10 00:59:35,0.0003555187736717312,0.0003555187736717312,0.0003555187736717312,0.00035037431247660696,0.0003630997848155486,1.1593919150019747e-06,1.1593919150019747e-06,1.1593919150019747e-06,1.1593919150019747e-06,1.1593919150019747e-06,1.1593919150019747e-06,1.1593919150019747e-06,1.1593919150019747e-06,1.1593919150019747e-06,0.00035667816558673316
11,2018-03-10 01:59:31,0.00035685076112617063,0.00035685076112617063,0.00035685076112617063,0.00035272779902061405,0.0003661746600330467,2.500232940766073e-06,2.500232940766073e-06,2.500232940766073e-06,2.500232940766073e-06,2.500232940766073e-06,2.500232940766073e-06,2.500232940766073e-06,2.500232940766073e-06,2.500232940766073e-06,0.0003593509940669367
12,2018-03-10 02:59:51,0.00035819163837452176,0.00035819163837452176,0.00035819163837452176,0.0003536145614966587,0.0003681970711777432,2.5877481909836627e-06,2.5877481909836627e-06,2.5877481909836627e-06,2.5877481909836627e-06,2.5877481909836627e-06,2.5877481909836627e-06,2.5877481909836627e-06,2.5877481909836627e-06,2.5877481909836627e-06,0.0003607793865655054
13,2018-03-10 03:59:52,0.0003595254778693595,0.0003595254778693595,0.0003595254778693595,0.00035513322082239996,0.0003683641882012404,2.0758889043755645e-06,2.0758889043755645e-06,2.0758889043755645e-06,2.0758889043755645e-06,2.0758889043755645e-06,2.0758889043755645e-06,2.0758889043755645e-06,2.0758889043755645e-06,2.0758889043755645e-06,0.00036160136677373505
14,2018-03-10 04:57:15,0.0003608006421985456,0.0003608006421985456,0.0003608006421985456,0.00035591177369101765,0.0003695908162348798,2.0378351566172556e-06,2.0378351566172556e-06,2.0378351566172556e-06,2.0378351566172556e-06,2.0378351566172556e-06,2.0378351566172556e-06,2.0378351566172556e-06,2.0378351566172556e-06,2.0378351566172556e-06,0.0003628384773551628
15,2018-03-10 05:59:47,0.00036219024910040624,0.00036219024910040624,0.00036219024910040624,0.00035806804754306553,0.0003719826670558581,2.8661580642538186e-06,2.8661580642538186e-06,2.8661580642538186e-06,2.8661580642538186e-06,2.8661580642538186e-06,2.8661580642538186e-06,2.8661580642538186e-06,2.8661580642538186e-06,2.8661580642538186e-06,0.00036505640716466006
16,2018-03-10 06:59:56,0.0003635268939055276,0.0003635268939055276,0.0003635268939055276,0.0003608283800153721,0.00037423038903097955,3.7528570330995014e-06,3.7528570330995014e-06,3.7528570330995014e-06,3.7528570330995014e-06,3.7528570330995014e-06,3.7528570330995014e-06,3.7528570330995014e-06,3.7528570330995014e-06,3.7528570330995014e-06,0.00036727975093862707
17,2018-03-10 07:59:41,0.0003648546499671402,0.0003648546499671402,0.0003648546499671402,0.00036170121415733084,0.0003755011753591154,3.6700235988947424e-06,3.6700235988947424e-06,3.6700235988947424e-06,3.6700235988947424e-06,3.6700235988947424e-06,3.6700235988947424e-06,3.6700235988947424e-06,3.6700235988947424e-06,3.6700235988947424e-06,0.00036852467356603494
18,2018-03-10 08:59:28,0.00036618314675737856,0.00036618314675737856,0.00036618314675737856,0.000362091274183354,0.0003749751328694257,2.4106241645427417e-06,2.4106241645427417e-06,2.4106241645427417e-06,2.4106241645427417e-06,2.4106241645427417e-06,2.4106241645427417e-06,2.4106241645427417e-06,2.4106241645427417e-06,2.4106241645427417e-06,0.0003685937709219213
19,2018-03-10 09:59:55,0.00036752645812013137,0.00036752645812013137,0.00036752645812013137,0.0003617102948232217,0.00037495560723338115,8.11551607837484e-07,8.11551607837484e-07,8.11551607837484e-07,8.11551607837484e-07,8.11551607837484e-07,8.11551607837484e-07,8.11551607837484e-07,8.11551607837484e-07,8.11551607837484e-07,0.0003683380097279689
20,2018-03-10 10:57:05,0.0003676583568225895,0.0003676583568225895,0.0003676583568225895,0.0003607561571569529,0.00037426086472940967,-1.4382336091973895e-08,-1.4382336091973895e-08,-1.4382336091973895e-08,-1.4382336091973895e-08,-1.4382336091973895e-08,-1.4382336091973895e-08,-1.4382336091973895e-08,-1.4382336091973895e-08,-1.4382336091973895e-08,0.00036764397448649754
21,2018-03-10 11:59:55,0.0003678033300319969,0.0003678033300319969,0.0003678033300319969,0.00036105116778651015,0.0003744185556086759,3.074351685108337e-08,3.074351685108337e-08,3.074351685108337e-08,3.074351685108337e-08,3.074351685108337e-08,3.074351685108337e-08,3.074351685108337e-08,3.074351685108337e-08,3.074351685108337e-08,0.000367834073548848
22,2018-03-10 12:59:18,0.00036794034317393814,0.00036794034317393814,0.00036794034317393814,0.00036089588550375265,0.0003741194285693596,7.875942049456726e-08,7.875942049456726e-08,7.875942049456726e-08,7.875942049456726e-08,7.875942049456726e-08,7.875942049456726e-08,7.875942049456726e-08,7.875942049456726e-08,7.875942049456726e-08,0.0003680191025944327
23,2018-03-10 13:59:48,0.000368079932762837,0.000368079932762837,0.000368079932762837,0.0003599676893127173,0.00037352724621843346,-9.109655811248436e-07,-9.109655811248436e-07,-9.109655811248436e-07,-9.109655811248436e-07,-9.109655811248436e-07,-9.109655811248436e-07,-9.109655811248436e-07,-9.109655811248436e-07,-9.109655811248436e-07,0.0003671689671817122
24,2018-03-10 14:59:45,0.0003682182533554732,0.0003682182533554732,0.0003682182533554732,0.0003589434979828836,0.00037195171675529507,-2.889616953292122e-06,-2.889616953292122e-06,-2.889616953292122e-06,-2.889616953292122e-06,-2.889616953292122e-06,-2.889616953292122e-06,-2.889616953292122e-06,-2.889616953292122e-06,-2.889616953292122e-06,0.00036532863640218106
25,2018-03-10 15:59:52,0.0003683569584924314,0.0003683569584924314,0.0003683569584924314,0.0003572603300133591,0.00037059007184244835,-4.633794431791245e-06,-4.633794431791245e-06,-4.633794431791245e-06,-4.633794431791245e-06,-4.633794431791245e-06,-4.633794431791245e-06,-4.633794431791245e-06,-4.633794431791245e-06,-4.633794431791245e-06,0.00036372316406064017
26,2018-03-10 16:59:52,0.00036849539444836415,0.00036849539444836415,0.00036849539444836415,0.00035745182575461573,0.00037071347092854345,-4.797514242756419e-06,-4.797514242756419e-06,-4.797514242756419e-06,-4.797514242756419e-06,-4.797514242756419e-06,-4.797514242756419e-06,-4.797514242756419e-06,-4.797514242756419e-06,-4.797514242756419e-06,0.00036369788020560774
27,2018-03-10 17:58:40,0.0003683447795702033,0.0003683447795702033,0.0003683447795702033,0.00035831141189626627,0.0003716066698426281,-3.280170644385812e-06,-3.280170644385812e-06,-3.280170644385812e-06,-3.280170644385812e-06,-3.280170644385812e-06,-3.280170644385812e-06,-3.280170644385812e-06,-3.280170644385812e-06,-3.280170644385812e-06,0.0003650646089258175
28,2018-03-10 18:57:09,0.00036819497582659034,0.00036819497582659034,0.00036819497582659034,0.00036048895289979657,0.0003739221171693827,-1.2947866149930335e-06,-1.2947866149930335e-06,-1.2947866149930335e-06,-1.2947866149930335e-06,-1.2947866149930335e-06,-1.2947866149930335e-06,-1.2947866149930335e-06,-1.2947866149930335e-06,-1.2947866149930335e-06,0.0003669001892115973
29,2018-03-10 19:58:03,0.00036803898184563805,0.0003680389818456381,0.0003680389818456381,0.0003613371529514253,0.00037439196971333607,-2.93068626918046e-07,-2.93068626918046e-07,-2.93068626918046e-07,-2.93068626918046e-07,-2.93068626918046e-07,-2.93068626918046e-07,-2.93068626918046e-07,-2.93068626918046e-07,-2.93068626918046e-07,0.00036774591321872
30,2018-03-10 20:59:39,0.0003678811948304219,0.0003678811948304219,0.0003678811948304219,0.00036045609730591007,0.0003740999228814302,-8.979762682608993e-07,-8.979762682608993e-07,-8.979762682608993e-07,-8.979762682608993e-07,-8.979762682608993e-07,-8.979762682608993e-07,-8.979762682608993e-07,-8.979762682608993e-07,-8.979762682608993e-07,0.00036698321856216097
31,2018-03-10 21:59:58,0.00036772669504468936,0.0003677266950446893,0.0003677266950446893,0.0003587570834735214,0.0003721755818949606,-2.034524879369338e-06,-2.034524879369338e-06,-2.034524879369338e-06,-2.034524879369338e-06,-2.034524879369338e-06,-2.034524879369338e-06,-2.034524879369338e-06,-2.034524879369338e-06,-2.034524879369338e-06,0.00036569217016532
32,2018-03-10 22:59:54,0.0003675731771586728,0.0003675731771586728,0.0003675731771586728,0.00035905489192886245,0.00037210348527778826,-2.198334130965094e-06,-2.198334130965094e-06,-2.198334130965094e-06,-2.198334130965094e-06,-2.198334130965094e-06,-2.198334130965094e-06,-2.198334130965094e-06,-2.198334130965094e-06,-2.198334130965094e-06,0.0003653748430277077
33,2018-03-10 23:59:32,0.00036742042773233694,0.00036742042773233694,0.00036742042773233694,0.000359910920134886,0.0003734643981889684,-8.616079685755204e-07,-8.616079685755204e-07,-8.616079685755204e-07,-8.616079685755204e-07,-8.616079685755204e-07,-8.616079685755204e-07,-8.616079685755204e-07,-8.616079685755204e-07,-8.616079685755204e-07,0.00036655881976376144
34,2018-03-11 00:59:58,0.0003672656291242056,0.0003672656291242056,0.0003672656291242056,0.00036232320544963057,0.0003752106048649786,1.1713758790317334e-06,1.1713758790317334e-06,1.1713758790317334e-06,1.1713758790317334e-06,1.1713758790317334e-06,1.1713758790317334e-06,1.1713758790317334e-06,1.1713758790317334e-06,1.1713758790317334e-06,0.00036843700500323735
35,2018-03-11 01:59:58,0.00036711194048954685,0.00036711194048954685,0.00036711194048954685,0.0003625987888483621,0.0003761243606819914,2.5054604593373358e-06,2.5054604593373358e-06,2.5054604593373358e-06,2.5054604593373358e-06,2.5054604593373358e-06,2.5054604593373358e-06,2.5054604593373358e-06,2.5054604593373358e-06,2.5054604593373358e-06,0.0003696174009488842
36,2018-03-11 03:58:50,0.0003668074662277729,0.0003668074662277729,0.0003668074662277729,0.0003620958865536124,0.0003751838519556622,2.083155654619348e-06,2.083155654619348e-06,2.083155654619348e-06,2.083155654619348e-06,2.083155654619348e-06,2.083155654619348e-06,2.083155654619348e-06,2.083155654619348e-06,2.083155654619348e-06,0.00036889062188239223
37,2018-03-11 04:56:54,0.0003666587297824531,0.0003666587297824531,0.0003666587297824531,0.0003621845652028696,0.0003753840014923709,2.0355191443183305e-06,2.0355191443183305e-06,2.0355191443183305e-06,2.0355191443183305e-06,2.0355191443183305e-06,2.0355191443183305e-06,2.0355191443183305e-06,2.0355191443183305e-06,2.0355191443183305e-06,0.0003686942489267715
38,2018-03-11 05:59:53,0.0003664973994073488,0.0003664973994073488,0.0003664973994073488,0.00036259303389265455,0.0003755971866022574,2.8678905443506946e-06,2.8678905443506946e-06,2.8678905443506946e-06,2.8678905443506946e-06,2.8678905443506946e-06,2.8678905443506946e-06,2.8678905443506946e-06,2.8678905443506946e-06,2.8678905443506946e-06,0.0003693652899516995
39,2018-03-11 06:59:49,0.00036634388154040034,0.00036634388154040034,0.00036634388154040034,0.00036319026603481787,0.0003767487041183839,3.751818682310691e-06,3.751818682310691e-06,3.751818682310691e-06,3.751818682310691e-06,3.751818682310691e-06,3.751818682310691e-06,3.751818682310691e-06,3.751818682310691e-06,3.751818682310691e-06,0.00037009570022271106
40,2018-03-11 07:59:56,0.0003661898940692982,0.0003661898940692982,0.0003661898940692982,0.0003632412819181899,0.0003765802487369955,3.6669294770515475e-06,3.6669294770515475e-06,3.6669294770515475e-06,3.6669294770515475e-06,3.6669294770515475e-06,3.6669294770515475e-06,3.6669294770515475e-06,3.6669294770515475e-06,3.6669294770515475e-06,0.0003698568235463497
41,2018-03-11 08:59:29,0.0003660373581019436,0.0003660373581019436,0.0003660373581019436,0.0003618482006899307,0.0003754001550288535,2.410171780224674e-06,2.410171780224674e-06,2.410171780224674e-06,2.410171780224674e-06,2.410171780224674e-06,2.410171780224674e-06,2.410171780224674e-06,2.410171780224674e-06,2.410171780224674e-06,0.0003684475298821683
42,2018-03-11 09:59:57,0.00036588247411382095,0.00036588247411382095,0.00036588247411382095,0.0003599915244485139,0.00037318276021269656,8.108052651168597e-07,8.108052651168597e-07,8.108052651168597e-07,8.108052651168597e-07,8.108052651168597e-07,8.108052651168597e-07,8.108052651168597e-07,8.108052651168597e-07,8.108052651168597e-07,0.0003666932793789378
43,2018-03-11 10:58:42,0.0003657319873282277,0.00036573198732822775,0.00036573198732822775,0.0003590752930136898,0.000371978573322607,-2.366043880226404e-08,-2.366043880226404e-08,-2.366043880226404e-08,-2.366043880226404e-08,-2.366043880226404e-08,-2.366043880226404e-08,-2.366043880226404e-08,-2.366043880226404e-08,-2.366043880226404e-08,0.00036570832688942543
44,2018-03-11 11:58:58,0.00036557761563554527,0.00036557761563554527,0.00036557761563554527,0.00035939036506964006,0.0003730734896625907,2.66342016484449e-08,2.66342016484449e-08,2.66342016484449e-08,2.66342016484449e-08,2.66342016484449e-08,2.66342016484449e-08,2.66342016484449e-08,2.66342016484449e-08,2.66342016484449e-08,0.0003656042498371937
45,2018-03-11 12:59:28,0.00036542264626484927,0.00036542264626484927,0.00036542264626484927,0.0003585994999476919,0.0003720589254242803,7.777885621264602e-08,7.777885621264602e-08,7.777885621264602e-08,7.777885621264602e-08,7.777885621264602e-08,7.777885621264602e-08,7.777885621264602e-08,7.777885621264602e-08,7.777885621264602e-08,0.00036550042512106194
46,2018-03-11 13:59:55,0.00036526780499401574,0.00036526780499401574,0.00036526780499401574,0.00035736869653150955,0.0003710999075576352,-9.14096535284387e-07,-9.14096535284387e-07,-9.14096535284387e-07,-9.14096535284387e-07,-9.14096535284387e-07,-9.14096535284387e-07,-9.14096535284387e-07,-9.14096535284387e-07,-9.14096535284387e-07,0.00036435370845873134
47,2018-03-11 14:59:46,0.00036511450060924507,0.00036511450060924507,0.00036511450060924507,0.00035594110457191604,0.0003688300345140715,-2.8902073076661993e-06,-2.8902073076661993e-06,-2.8902073076661993e-06,-2.8902073076661993e-06,-2.8902073076661993e-06,-2.8902073076661993e-06,-2.8902073076661993e-06,-2.8902073076661993e-06,-2.8902073076661993e-06,0.00036222429330157885
48,2018-03-11 15:59:55,0.00036496042778144303,0.00036496042778144303,0.00036496042778144303,0.00035385209097512526,0.0003673100049281636,-4.634716769814735e-06,-4.634716769814735e-06,-4.634716769814735e-06,-4.634716769814735e-06,-4.634716769814735e-06,-4.634716769814735e-06,-4.634716769814735e-06,-4.634716769814735e-06,-4.634716769814735e-06,0.0003603257110116283
49,2018-03-11 16:59:02,0.00036480900181297144,0.00036480900181297144,0.00036480900181297144,0.00035332779192849534,0.00036629700292055976,-4.808568041487794e-06,-4.808568041487794e-06,-4.808568041487794e-06,-4.808568041487794e-06,-4.808568041487794e-06,-4.808568041487794e-06,-4.808568041487794e-06,-4.808568041487794e-06,-4.808568041487794e-06,0.00036000043377148365
50,2018-03-11 17:58:48,0.0003646559108845984,0.0003646559108845984,0.0003646559108845984,0.00035448230045544946,0.00036810555619644776,-3.2755757665624163e-06,-3.2755757665624163e-06,-3.2755757665624163e-06,-3.2755757665624163e-06,-3.2755757665624163e-06,-3.2755757665624163e-06,-3.2755757665624163e-06,-3.2755757665624163e-06,-3.2755757665624163e-06,0.000361380335118036
51,2018-03-11 18:56:09,0.00036450901019175635,0.00036450901019175635,0.00036450901019175635,0.0003563556451563779,0.00036984983220152796,-1.323803320723749e-06,-1.323803320723749e-06,-1.323803320723749e-06,-1.323803320723749e-06,-1.323803320723749e-06,-1.323803320723749e-06,-1.323803320723749e-06,-1.323803320723749e-06,-1.323803320723749e-06,0.0003631852068710326
52,2018-03-11 19:58:41,0.0003643488326529849,0.0003643488326529849,0.0003643488326529849,0.00035707520833763826,0.00037051512795319543,-2.916091233386023e-07,-2.916091233386023e-07,-2.916091233386023e-07,-2.916091233386023e-07,-2.916091233386023e-07,-2.916091233386023e-07,-2.916091233386023e-07,-2.916091233386023e-07,-2.916091233386023e-07,0.0003640572235296463
53,2018-03-11 20:58:35,0.0003641954003303983,0.0003641954003303983,0.0003641954003303983,0.0003567467916440462,0.0003701993652996814,-8.779898045583349e-07,-8.779898045583349e-07,-8.779898045583349e-07,-8.779898045583349e-07,-8.779898045583349e-07,-8.779898045583349e-07,-8.779898045583349e-07,-8.779898045583349e-07,-8.779898045583349e-07,0.00036331741052584
54,2018-03-11 21:59:31,0.00036403932115082786,0.00036403932115082786,0.00036403932115082786,0.00035580950819957336,0.00036875928661472135,-2.028086342590283e-06,-2.028086342590283e-06,-2.028086342590283e-06,-2.028086342590283e-06,-2.028086342590283e-06,-2.028086342590283e-06,-2.028086342590283e-06,-2.028086342590283e-06,-2.028086342590283e-06,0.00036201123480823755
55,2018-03-11 22:58:12,0.00036388900528888375,0.00036388900528888375,0.00036388900528888375,0.00035487522991834385,0.00036788200619187567,-2.2154083954219025e-06,-2.2154083954219025e-06,-2.2154083954219025e-06,-2.2154083954219025e-06,-2.2154083954219025e-06,-2.2154083954219025e-06,-2.2154083954219025e-06,-2.2154083954219025e-06,-2.2154083954219025e-06,0.00036167359689346187
56,2018-03-11 23:54:48,0.0003637440258321492,0.0003637440258321492,0.0003637440258321492,0.0003560233248754181,0.0003693570197431686,-1.0098077710826632e-06,-1.0098077710826632e-06,-1.0098077710826632e-06,-1.0098077710826632e-06,-1.0098077710826632e-06,-1.0098077710826632e-06,-1.0098077710826632e-06,-1.0098077710826632e-06,-1.0098077710826632e-06,0.0003627342180610665
57,2018-03-12 00:59:58,0.0003635771030771928,0.0003635771030771928,0.0003635771030771928,0.0003580535596562695,0.00037128916205834473,1.1713758790690003e-06,1.1713758790690003e-06,1.1713758790690003e-06,1.1713758790690003e-06,1.1713758790690003e-06,1.1713758790690003e-06,1.1713758790690003e-06,1.1713758790690003e-06,1.1713758790690003e-06,0.0003647484789562618
58,2018-03-12 01:59:52,0.0003634236707546063,0.0003634236707546063,0.0003634236707546063,0.000359094535492363,0.0003722461859794745,2.504305456081122e-06,2.504305456081122e-06,2.504305456081122e-06,2.504305456081122e-06,2.504305456081122e-06,2.504305456081122e-06,2.504305456081122e-06,2.504305456081122e-06,2.504305456081122e-06,0.0003659279762106874
59,2018-03-12 02:59:47,0.0003632969871106585,0.0003632969871106585,0.0003632969871106585,0.00035928591373337573,0.0003726677731834861,2.5881943745081382e-06,2.5881943745081382e-06,2.5881943745081382e-06,2.5881943745081382e-06,2.5881943745081382e-06,2.5881943745081382e-06,2.5881943745081382e-06,2.5881943745081382e-06,2.5881943745081382e-06,0.0003658851814851666
60,2018-03-12 03:58:57,0.0003631718892146878,0.0003631718892146878,0.0003631718892146878,0.0003584836912366586,0.0003721335587755644,2.082326971482037e-06,2.082326971482037e-06,2.082326971482037e-06,2.082326971482037e-06,2.082326971482037e-06,2.082326971482037e-06,2.082326971482037e-06,2.082326971482037e-06,2.082326971482037e-06,0.00036525421618616985
61,2018-03-12 04:59:08,0.00036304464174923706,0.00036304464174923706,0.00036304464174923706,0.0003588853587509118,0.0003716851148128333,2.0508509176160634e-06,2.0508509176160634e-06,2.0508509176160634e-06,2.0508509176160634e-06,2.0508509176160634e-06,2.0508509176160634e-06,2.0508509176160634e-06,2.0508509176160634e-06,2.0508509176160634e-06,0.00036509549266685313
62,2018-03-12 05:59:52,0.0003629162314019365,0.0003629162314019365,0.0003629162314019365,0.00035917731963395013,0.00037221375888793907,2.867601778057604e-06,2.867601778057604e-06,2.867601778057604e-06,2.867601778057604e-06,2.867601778057604e-06,2.867601778057604e-06,2.867601778057604e-06,2.867601778057604e-06,2.867601778057604e-06,0.0003657838331799941
63,2018-03-12 06:58:30,0.00036279226114897166,0.00036279226114897166,0.00036279226114897166,0.0003600550697120675,0.00037271247713380505,3.739826697497256e-06,3.739826697497256e-06,3.739826697497256e-06,3.739826697497256e-06,3.739826697497256e-06,3.739826697497256e-06,3.739826697497256e-06,3.739826697497256e-06,3.739826697497256e-06,0.0003665320878464689
64,2018-03-12 07:59:41,0.0003626628993528848,0.0003626628993528848,0.0003626628993528848,0.00035971219996834385,0.00037314035643482945,3.670023598911931e-06,3.670023598911931e-06,3.670023598911931e-06,3.670023598911931e-06,3.670023598911931e-06,3.670023598911931e-06,3.670023598911931e-06,3.670023598911931e-06,3.670023598911931e-06,0.0003663329229517967
65,2018-03-12 08:59:01,0.00036253744923421056,0.00036253744923421056,0.00036253744923421056,0.000357695836883459,0.00037091780927098585,2.4228283194220137e-06,2.4228283194220137e-06,2.4228283194220137e-06,2.4228283194220137e-06,2.4228283194220137e-06,2.4228283194220137e-06,2.4228283194220137e-06,2.4228283194220137e-06,2.4228283194220137e-06,0.0003649602775536326
66,2018-03-12 09:59:38,0.000362409285728138,0.000362409285728138,0.000362409285728138,0.00035646706241321524,0.00036938197597609866,8.17905887173554e-07,8.17905887173554e-07,8.17905887173554e-07,8.17905887173554e-07,8.17905887173554e-07,8.17905887173554e-07,8.17905887173554e-07,8.17905887173554e-07,8.17905887173554e-07,0.00036322719161531155
67,2018-03-12 10:59:29,0.00036228274320674496,0.00036228274320674496,0.00036228274320674496,0.0003554708433789272,0.00036864095715940013,-2.7889694107970584e-08,-2.7889694107970584e-08,-2.7889694107970584e-08,-2.7889694107970584e-08,-2.7889694107970584e-08,-2.7889694107970584e-08,-2.7889694107970584e-08,-2.7889694107970584e-08,-2.7889694107970584e-08,0.000362254853512637
68,2018-03-12 11:59:39,0.00036215553114820167,0.00036215553114820167,0.00036215553114820167,0.0003556789978492823,0.0003690069263059079,2.9589949606117185e-08,2.9589949606117185e-08,2.9589949606117185e-08,2.9589949606117185e-08,2.9589949606117185e-08,2.9589949606117185e-08,2.9589949606117185e-08,2.9589949606117185e-08,2.9589949606117185e-08,0.0003621851210978078
69,2018-03-12 12:57:42,0.00036203279441692567,0.00036203279441692567,0.00036203279441692567,0.00035584352997372663,0.0003683898697296823,8.773228933040873e-08,8.773228933040873e-08,8.773228933040873e-08,8.773228933040873e-08,8.773228933040873e-08,8.773228933040873e-08,8.773228933040873e-08,8.773228933040873e-08,8.773228933040873e-08,0.0003621205267062561
70,2018-03-12 13:57:54,0.00036190551188078763,0.00036190551188078763,0.00036190551188078763,0.00035452240677001553,0.0003676083206925803,-8.60570305789083e-07,-8.60570305789083e-07,-8.60570305789083e-07,-8.60570305789083e-07,-8.60570305789083e-07,-8.60570305789083e-07,-8.60570305789083e-07,-8.60570305789083e-07,-8.60570305789083e-07,0.00036104494157499856
71,2018-03-12 14:59:06,0.00036177611501774784,0.00036177611501774784,0.00036177611501774784,0.00035280551490632535,0.00036548371043504564,-2.866579853837666e-06,-2.866579853837666e-06,-2.866579853837666e-06,-2.866579853837666e-06,-2.866579853837666e-06,-2.866579853837666e-06,-2.866579853837666e-06,-2.866579853837666e-06,-2.866579853837666e-06,0.0003589095351639102
72,2018-03-12 15:59:31,0.00036164837437817294,0.00036164837437817294,0.00036164837437817294,0.0003507915034774184,0.00036358757671674355,-4.627305244798251e-06,-4.627305244798251e-06,-4.627305244798251e-06,-4.627305244798251e-06,-4.627305244798251e-06,-4.627305244798251e-06,-4.627305244798251e-06,-4.627305244798251e-06,-4.627305244798251e-06,0.0003570210691333747
73,2018-03-12 16:59:29,0.00036152158518612033,0.00036152158518612033,0.00036152158518612033,0.0003498357880914472,0.000363142257734576,-4.80264359911035e-06,-4.80264359911035e-06,-4.80264359911035e-06,-4.80264359911035e-06,-4.80264359911035e-06,-4.80264359911035e-06,-4.80264359911035e-06,-4.80264359911035e-06,-4.80264359911035e-06,0.00035671894158701
74,2018-03-12 17:59:44,0.00036139419693451667,0.00036139419693451667,0.00036139419693451667,0.00035181554517516543,0.00036466701413602937,-3.2433404191899316e-06,-3.2433404191899316e-06,-3.2433404191899316e-06,-3.2433404191899316e-06,-3.2433404191899316e-06,-3.2433404191899316e-06,-3.2433404191899316e-06,-3.2433404191899316e-06,-3.2433404191899316e-06,0.0003581508565153267
75,2018-03-12 18:59:57,0.0003612668791605072,0.0003612668791605072,0.0003612668791605072,0.00035362642403527413,0.00036616828145196947,-1.2152432901273206e-06,-1.2152432901273206e-06,-1.2152432901273206e-06,-1.2152432901273206e-06,-1.2152432901273206e-06,-1.2152432901273206e-06,-1.2152432901273206e-06,-1.2152432901273206e-06,-1.2152432901273206e-06,0.0003600516358703799
76,2018-03-12 19:59:58,0.0003611399842520633,0.0003611399842520633,0.0003611399842520633,0.00035404962801297897,0.000367812187343014,-2.8922822343124805e-07,-2.8922822343124805e-07,-2.8922822343124805e-07,-2.8922822343124805e-07,-2.8922822343124805e-07,-2.8922822343124805e-07,-2.8922822343124805e-07,-2.8922822343124805e-07,-2.8922822343124805e-07,0.000360850756028632
77,2018-03-12 20:59:57,0.00036101315982121354,0.00036101315982121354,0.00036101315982121354,0.00035353165159312925,0.00036703535036664123,-9.036301912178282e-07,-9.036301912178282e-07,-9.036301912178282e-07,-9.036301912178282e-07,-9.036301912178282e-07,-9.036301912178282e-07,-9.036301912178282e-07,-9.036301912178282e-07,-9.036301912178282e-07,0.0003601095296299957
78,2018-03-12 21:59:22,0.00036033035644341733,0.00036033035644341733,0.00036033035644341733,0.00035192253199492235,0.00036559929880188366,-2.0259270320990298e-06,-2.0259270320990298e-06,-2.0259270320990298e-06,-2.0259270320990298e-06,-2.0259270320990298e-06,-2.0259270320990298e-06,-2.0259270320990298e-06,-2.0259270320990298e-06,-2.0259270320990298e-06,0.0003583044294113183
79,2018-03-12 22:59:09,0.00035964333941223783,0.00035964333941223783,0.00035964333941223783,0.00035098248963272326,0.00036410365252748827,-2.206030112609042e-06,-2.206030112609042e-06,-2.206030112609042e-06,-2.206030112609042e-06,-2.206030112609042e-06,-2.206030112609042e-06,-2.206030112609042e-06,-2.206030112609042e-06,-2.206030112609042e-06,0.00035743730929962877
80,2018-03-12 23:59:52,0.0003589455967179008,0.0003589455967179008,0.0003589455967179008,0.00035149378503706506,0.0003652134055346577,-8.509923904431187e-07,-8.509923904431187e-07,-8.509923904431187e-07,-8.509923904431187e-07,-8.509923904431187e-07,-8.509923904431187e-07,-8.509923904431187e-07,-8.509923904431187e-07,-8.509923904431187e-07,0.00035809460432745764
81,2018-03-13 00:59:36,0.00035825915427581905,0.00035825915427581905,0.00035825915427581905,0.00035268269175839964,0.00036572507458828863,1.1599135995850882e-06,1.1599135995850882e-06,1.1599135995850882e-06,1.1599135995850882e-06,1.1599135995850882e-06,1.1599135995850882e-06,1.1599135995850882e-06,1.1599135995850882e-06,1.1599135995850882e-06,0.0003594190678754041
82,2018-03-13 01:58:54,0.0003575776916059175,0.0003575776916059175,0.0003575776916059175,0.0003539313393886462,0.0003672430111585463,2.4929439471905627e-06,2.4929439471905627e-06,2.4929439471905627e-06,2.4929439471905627e-06,2.4929439471905627e-06,2.4929439471905627e-06,2.4929439471905627e-06,2.4929439471905627e-06,2.4929439471905627e-06,0.00036007063555310807
83,2018-03-13 02:58:27,0.0003568933559905274,0.0003568933559905274,0.0003568933559905274,0.0003529012312250813,0.0003660724526992566,2.596950587314654e-06,2.596950587314654e-06,2.596950587314654e-06,2.596950587314654e-06,2.596950587314654e-06,2.596950587314654e-06,2.596950587314654e-06,2.596950587314654e-06,2.596950587314654e-06,0.00035949030657784207
84,2018-03-13 03:58:36,0.00035576462101381096,0.00035576462101381096,0.00035576462101381096,0.00035123003043505797,0.0003646491744428009,2.0848192381616753e-06,2.0848192381616753e-06,2.0848192381616753e-06,2.0848192381616753e-06,2.0848192381616753e-06,2.0848192381616753e-06,2.0848192381616753e-06,2.0848192381616753e-06,2.0848192381616753e-06,0.00035784944025197266
85,2018-03-13 04:59:33,0.00035462087376807747,0.00035462087376807747,0.00035462087376807747,0.0003498338498981045,0.00036322553203348433,2.053856109478207e-06,2.053856109478207e-06,2.053856109478207e-06,2.053856109478207e-06,2.053856109478207e-06,2.053856109478207e-06,2.053856109478207e-06,2.053856109478207e-06,2.053856109478207e-06,0.00035667472987755566
86,2018-03-13 05:58:58,0.0003535059000379599,0.0003535059000379599,0.0003535059000379599,0.0003498643094160312,0.0003633733022874614,2.852020649465631e-06,2.852020649465631e-06,2.852020649465631e-06,2.852020649465631e-06,2.852020649465631e-06,2.852020649465631e-06,2.852020649465631e-06,2.852020649465631e-06,2.852020649465631e-06,0.0003563579206874255
87,2018-03-13 06:59:59,0.0003523609017698083,0.0003523609017698083,0.0003523609017698083,0.00034956981676563444,0.00036236075109757454,3.753300824890526e-06,3.753300824890526e-06,3.753300824890526e-06,3.753300824890526e-06,3.753300824890526e-06,3.753300824890526e-06,3.753300824890526e-06,3.753300824890526e-06,3.753300824890526e-06,0.0003561142025946988
88,2018-03-13 07:59:47,0.0003512387346607868,0.0003512387346607868,0.0003512387346607868,0.00034830073893590737,0.00036215265761527324,3.668788635506305e-06,3.668788635506305e-06,3.668788635506305e-06,3.668788635506305e-06,3.668788635506305e-06,3.668788635506305e-06,3.668788635506305e-06,3.668788635506305e-06,3.668788635506305e-06,0.00035490752329629313
89,2018-03-13 08:58:20,0.00035014002422210434,0.00035014002422210434,0.00035014002422210434,0.0003455476485572388,0.00035937897433832003,2.4413219750257905e-06,2.4413219750257905e-06,2.4413219750257905e-06,2.4413219750257905e-06,2.4413219750257905e-06,2.4413219750257905e-06,2.4413219750257905e-06,2.4413219750257905e-06,2.4413219750257905e-06,0.00035258134619713013
90,2018-03-13 09:59:57,0.00034898376675219004,0.00034898376675219004,0.00034898376675219004,0.00034339899326234723,0.0003562700822819482,8.108052650551257e-07,8.108052650551257e-07,8.108052650551257e-07,8.108052650551257e-07,8.108052650551257e-07,8.108052650551257e-07,8.108052650551257e-07,8.108052650551257e-07,8.108052650551257e-07,0.00034979457201724515
91,2018-03-13 10:59:08,0.0003478731715799569,0.0003478731715799569,0.0003478731715799569,0.00034154521251259407,0.0003547318939380544,-2.602139648033491e-08,-2.602139648033491e-08,-2.602139648033491e-08,-2.602139648033491e-08,-2.602139648033491e-08,-2.602139648033491e-08,-2.602139648033491e-08,-2.602139648033491e-08,-2.602139648033491e-08,0.0003478471501834766
92,2018-03-13 11:59:28,0.0003467409962706119,0.0003467409962706119,0.0003467409962706119,0.0003400900565608487,0.0003534665009754474,2.879686430222644e-08,2.879686430222644e-08,2.879686430222644e-08,2.879686430222644e-08,2.879686430222644e-08,2.879686430222644e-08,2.879686430222644e-08,2.879686430222644e-08,2.879686430222644e-08,0.00034676979313491416
93,2018-03-13 13:59:48,0.0003444829007641283,0.0003444829007641283,0.0003444829007641283,0.0003364890809184932,0.00035049125369743787,-9.109655811322912e-07,-9.109655811322912e-07,-9.109655811322912e-07,-9.109655811322912e-07,-9.109655811322912e-07,-9.109655811322912e-07,-9.109655811322912e-07,-9.109655811322912e-07,-9.109655811322912e-07,0.000343571935182996
94,2018-03-13 14:59:48,0.0003433569805669896,0.0003433569805669896,0.0003433569805669896,0.0003337558455269754,0.00034694225682707863,-2.8913879639906084e-06,-2.8913879639906084e-06,-2.8913879639906084e-06,-2.8913879639906084e-06,-2.8913879639906084e-06,-2.8913879639906084e-06,-2.8913879639906084e-06,-2.8913879639906084e-06,-2.8913879639906084e-06,0.000340465592602999
95,2018-03-13 15:59:42,0.0003422329369035128,0.0003422329369035128,0.0003422329369035128,0.0003311573677213357,0.0003444449253372549,-4.630711500873335e-06,-4.630711500873335e-06,-4.630711500873335e-06,-4.630711500873335e-06,-4.630711500873335e-06,-4.630711500873335e-06,-4.630711500873335e-06,-4.630711500873335e-06,-4.630711500873335e-06,0.0003376022254026395
96,2018-03-13 16:59:53,0.00034110357639466067,0.00034110357639466067,0.00034110357639466067,0.0003295084600746651,0.0003428163944719397,-4.797289506239543e-06,-4.797289506239543e-06,-4.797289506239543e-06,-4.797289506239543e-06,-4.797289506239543e-06,-4.797289506239543e-06,-4.797289506239543e-06,-4.797289506239543e-06,-4.797289506239543e-06,0.00033630628688842114
97,2018-03-13 17:59:10,0.0003399911046594499,0.0003399911046594499,0.0003399911046594499,0.00032975087169351096,0.00034370316883337,-3.2629265959547185e-06,-3.2629265959547185e-06,-3.2629265959547185e-06,-3.2629265959547185e-06,-3.2629265959547185e-06,-3.2629265959547185e-06,-3.2629265959547185e-06,-3.2629265959547185e-06,-3.2629265959547185e-06,0.00033672817806349516
98,2018-03-13 18:59:27,0.0003388598675871256,0.0003388598675871256,0.0003388598675871256,0.0003310911810458642,0.0003441889746650277,-1.229259471980346e-06,-1.229259471980346e-06,-1.229259471980346e-06,-1.229259471980346e-06,-1.229259471980346e-06,-1.229259471980346e-06,-1.229259471980346e-06,-1.229259471980346e-06,-1.229259471980346e-06,0.00033763060811514527
99,2018-03-13 19:59:58,0.0003377242519361416,0.0003377242519361416,0.0003377242519361416,0.00033112869062714947,0.00034430408028643747,-2.892282234301065e-07,-2.892282234301065e-07,-2.892282234301065e-07,-2.892282234301065e-07,-2.892282234301065e-07,-2.892282234301065e-07,-2.892282234301065e-07,-2.892282234301065e-07,-2.892282234301065e-07,0.0003374350237127115
100,2018-03-13 20:59:30,0.0003366070888666524,0.0003366070888666524,0.0003366070888666524,0.0003289095009641564,0.0003422263628672283,-8.951546170306079e-07,-8.951546170306079e-07,-8.951546170306079e-07,-8.951546170306079e-07,-8.951546170306079e-07,-8.951546170306079e-07,-8.951546170306079e-07,-8.951546170306079e-07,-8.951546170306079e-07,0.0003357119342496218
101,2018-03-13 21:59:10,0.0003354874237522148,0.0003354874237522148,0.0003354874237522148,0.0003266976292334846,0.0003403953536083654,-2.023037794893641e-06,-2.023037794893641e-06,-2.023037794893641e-06,-2.023037794893641e-06,-2.023037794893641e-06,-2.023037794893641e-06,-2.023037794893641e-06,-2.023037794893641e-06,-2.023037794893641e-06,0.0003334643859573211
102,2018-03-13 22:59:48,0.00033434961881190076,0.00033434961881190076,0.00033434961881190076,0.0003250426972770497,0.0003391419722980938,-2.19937513560673e-06,-2.19937513560673e-06,-2.19937513560673e-06,-2.19937513560673e-06,-2.19937513560673e-06,-2.19937513560673e-06,-2.19937513560673e-06,-2.19937513560673e-06,-2.19937513560673e-06,0.000332150243676294
103,2018-03-13 23:59:53,0.0003332221348469961,0.0003332221348469961,0.0003332221348469961,0.0003254231288875081,0.0003387085442355103,-8.504610263154097e-07,-8.504610263154097e-07,-8.504610263154097e-07,-8.504610263154097e-07,-8.504610263154097e-07,-8.504610263154097e-07,-8.504610263154097e-07,-8.504610263154097e-07,-8.504610263154097e-07,0.00033237167382068066
104,2018-03-14 00:59:28,0.00033210403355031536,0.00033210403355031536,0.00033210403355031536,0.0003270171446129038,0.00033977190153362395,1.1557384960603436e-06,1.1557384960603436e-06,1.1557384960603436e-06,1.1557384960603436e-06,1.1557384960603436e-06,1.1557384960603436e-06,1.1557384960603436e-06,1.1557384960603436e-06,1.1557384960603436e-06,0.0003332597720463757
105,2018-03-14 01:54:35,0.00033106975075643475,0.00033106975075643475,0.00033106975075643475,0.0003266989447740581,0.0003401111274856811,2.4378566172370473e-06,2.4378566172370473e-06,2.4378566172370473e-06,2.4378566172370473e-06,2.4378566172370473e-06,2.4378566172370473e-06,2.4378566172370473e-06,2.4378566172370473e-06,2.4378566172370473e-06,0.0003335076073736718
106,2018-03-14 02:59:58,0.00032984281050835683,0.00032984281050835683,0.00032984281050835683,0.0003258656633274066,0.0003390167099444491,2.5869654809970985e-06,2.5869654809970985e-06,2.5869654809970985e-06,2.5869654809970985e-06,2.5869654809970985e-06,2.5869654809970985e-06,2.5869654809970985e-06,2.5869654809970985e-06,2.5869654809970985e-06,0.0003324297759893539
107,2018-03-14 03:57:56,0.0003287550465056,0.0003287550465056,0.0003287550465056,0.00032431732901197133,0.0003375939880205461,2.089617549878421e-06,2.089617549878421e-06,2.089617549878421e-06,2.089617549878421e-06,2.089617549878421e-06,2.089617549878421e-06,2.089617549878421e-06,2.089617549878421e-06,2.089617549878421e-06,0.0003308446640554784
108,2018-03-14 04:58:29,0.0003276188053836864,0.0003276188053836864,0.0003276188053836864,0.0003231907361123098,0.0003363515669087811,2.046253514836438e-06,2.046253514836438e-06,2.046253514836438e-06,2.046253514836438e-06,2.046253514836438e-06,2.046253514836438e-06,2.046253514836438e-06,2.046253514836438e-06,2.046253514836438e-06,0.0003296650588985228
109,2018-03-14 05:59:19,0.00032647724741644593,0.00032647724741644593,0.00032647724741644593,0.0003225308173555021,0.00033604532310685696,2.858077016832003e-06,2.858077016832003e-06,2.858077016832003e-06,2.858077016832003e-06,2.858077016832003e-06,2.858077016832003e-06,2.858077016832003e-06,2.858077016832003e-06,2.858077016832003e-06,0.0003293353244332779
110,2018-03-14 06:53:59,0.00032545140900993056,0.00032545140900993056,0.00032545140900993056,0.00032240791749538965,0.00033592319927595865,3.694978813167217e-06,3.694978813167217e-06,3.694978813167217e-06,3.694978813167217e-06,3.694978813167217e-06,3.694978813167217e-06,3.694978813167217e-06,3.694978813167217e-06,3.694978813167217e-06,0.0003291463878230978
111,2018-03-14 07:59:07,0.0003242291600792409,0.0003242291600792409,0.0003242291600792409,0.0003210402192066787,0.0003344005649102386,3.6769539921229194e-06,3.6769539921229194e-06,3.6769539921229194e-06,3.6769539921229194e-06,3.6769539921229194e-06,3.6769539921229194e-06,3.6769539921229194e-06,3.6769539921229194e-06,3.6769539921229194e-06,0.00032790611407136383
112,2018-03-14 08:59:29,0.00032309635925350963,0.00032309635925350963,0.00032309635925350963,0.00031890935787926803,0.0003325705362387557,2.4101717802220365e-06,2.4101717802220365e-06,2.4101717802220365e-06,2.4101717802220365e-06,2.4101717802220365e-06,2.4101717802220365e-06,2.4101717802220365e-06,2.4101717802220365e-06,2.4101717802220365e-06,0.0003255065310337317
113,2018-03-14 09:59:49,0.00032196418393900183,0.00032196418393900183,0.00032196418393900183,0.00031589928406129415,0.0003288826702358871,8.137921779789735e-07,8.137921779789735e-07,8.137921779789735e-07,8.137921779789735e-07,8.137921779789735e-07,8.137921779789735e-07,8.137921779789735e-07,8.137921779789735e-07,8.137921779789735e-07,0.0003227779761169808
114,2018-03-14 10:58:12,0.0003208686010310679,0.0003208686010310679,0.0003208686010310679,0.00031391316154040543,0.0003278278533962231,-2.0870279055152863e-08,-2.0870279055152863e-08,-2.0870279055152863e-08,-2.0870279055152863e-08,-2.0870279055152863e-08,-2.0870279055152863e-08,-2.0870279055152863e-08,-2.0870279055152863e-08,-2.0870279055152863e-08,0.00032084773075201275
115,2018-03-14 11:58:31,0.0003197367384721718,0.0003197367384721718,0.0003197367384721718,0.0003135168104387584,0.0003263067836258653,2.468866909524461e-08,2.468866909524461e-08,2.468866909524461e-08,2.468866909524461e-08,2.468866909524461e-08,2.468866909524461e-08,2.468866909524461e-08,2.468866909524461e-08,2.468866909524461e-08,0.000319761427141267
116,2018-03-14 12:59:53,0.0003185851723722379,0.0003185851723722379,0.0003185851723722379,0.0003116350745831807,0.000325222889832026,7.528926910277553e-08,7.528926910277553e-08,7.528926910277553e-08,7.528926910277553e-08,7.528926910277553e-08,7.528926910277553e-08,7.528926910277553e-08,7.528926910277553e-08,7.528926910277553e-08,0.0003186604616413407
117,2018-03-14 13:59:58,0.0003174576884531011,0.0003174576884531011,0.0003174576884531011,0.0003093769786761954,0.00032292632395031543,-9.154396555080053e-07,-9.154396555080053e-07,-9.154396555080053e-07,-9.154396555080053e-07,-9.154396555080053e-07,-9.154396555080053e-07,-9.154396555080053e-07,-9.154396555080053e-07,-9.154396555080053e-07,0.0003165422487975931
118,2018-03-14 14:59:55,0.0003163327065787224,0.0003163327065787224,0.0003163327065787224,0.0003066210922983654,0.00031994638585258224,-2.8955197050706564e-06,-2.8955197050706564e-06,-2.8955197050706564e-06,-2.8955197050706564e-06,-2.8955197050706564e-06,-2.8955197050706564e-06,-2.8955197050706564e-06,-2.8955197050706564e-06,-2.8955197050706564e-06,0.00031343718687365177
119,2018-03-14 15:59:38,0.0003152121032826705,0.0003152121032826705,0.0003152121032826705,0.00030352115882230227,0.0003170692635418181,-4.629474682973539e-06,-4.629474682973539e-06,-4.629474682973539e-06,-4.629474682973539e-06,-4.629474682973539e-06,-4.629474682973539e-06,-4.629474682973539e-06,-4.629474682973539e-06,-4.629474682973539e-06,0.00031058262859969693
120,2018-03-14 16:59:48,0.00031408305558555986,0.00031408305558555986,0.00031408305558555986,0.00030233941647494773,0.0003163011286410949,-4.798411755515064e-06,-4.798411755515064e-06,-4.798411755515064e-06,-4.798411755515064e-06,-4.798411755515064e-06,-4.798411755515064e-06,-4.798411755515064e-06,-4.798411755515064e-06,-4.798411755515064e-06,0.0003092846438300448
121,2018-03-14 17:59:17,0.0003129668308678347,0.0003129668308678347,0.0003129668308678347,0.0003033616234547003,0.00031667449386076,-3.258897830729818e-06,-3.258897830729818e-06,-3.258897830729818e-06,-3.258897830729818e-06,-3.258897830729818e-06,-3.258897830729818e-06,-3.258897830729818e-06,-3.258897830729818e-06,-3.258897830729818e-06,0.0003097079330371049
122,2018-03-14 18:58:03,0.00031186405464068447,0.00031186405464068447,0.00031186405464068447,0.0003040472746738028,0.00031750329765211163,-1.2689420170665805e-06,-1.2689420170665805e-06,-1.2689420170665805e-06,-1.2689420170665805e-06,-1.2689420170665805e-06,-1.2689420170665805e-06,-1.2689420170665805e-06,-1.2689420170665805e-06,-1.2689420170665805e-06,0.0003105951126236179
123,2018-03-14 19:58:42,0.0003107774876582127,0.0003107774876582127,0.0003107774876582127,0.0003039086826790835,0.00031668386806391524,-2.915732583391408e-07,-2.915732583391408e-07,-2.915732583391408e-07,-2.915732583391408e-07,-2.915732583391408e-07,-2.915732583391408e-07,-2.915732583391408e-07,-2.915732583391408e-07,-2.915732583391408e-07,0.0003104859143998735
124,2018-03-14 20:58:03,0.0003097142106522819,0.0003097142106522819,0.0003097142106522819,0.0003022929165213488,0.0003150411349572849,-8.680667381985309e-07,-8.680667381985309e-07,-8.680667381985309e-07,-8.680667381985309e-07,-8.680667381985309e-07,-8.680667381985309e-07,-8.680667381985309e-07,-8.680667381985309e-07,-8.680667381985309e-07,0.0003088461439140834
125,2018-03-14 21:57:22,0.00030865153082523686,0.00030865153082523686,0.00030865153082523686,0.0002999176085249019,0.0003135369116170084,-1.9965202715368984e-06,-1.9965202715368984e-06,-1.9965202715368984e-06,-1.9965202715368984e-06,-1.9965202715368984e-06,-1.9965202715368984e-06,-1.9965202715368984e-06,-1.9965202715368984e-06,-1.9965202715368984e-06,0.0003066550105537
126,2018-03-14 22:59:33,0.00030753749361402436,0.00030753749361402436,0.00030753749361402436,0.0002986860993015178,0.0003119369030495512,-2.2019576305304934e-06,-2.2019576305304934e-06,-2.2019576305304934e-06,-2.2019576305304934e-06,-2.2019576305304934e-06,-2.2019576305304934e-06,-2.2019576305304934e-06,-2.2019576305304934e-06,-2.2019576305304934e-06,0.00030533553598349386
127,2018-03-14 23:58:49,0.00030647570955530775,0.00030647570955530775,0.00030647570955530775,0.0002989997316130333,0.00031235254305885847,-8.843550688299182e-07,-8.843550688299182e-07,-8.843550688299182e-07,-8.843550688299182e-07,-8.843550688299182e-07,-8.843550688299182e-07,-8.843550688299182e-07,-8.843550688299182e-07,-8.843550688299182e-07,0.00030559135448647785
128,2018-03-15 00:59:39,0.0003053858580889648,0.0003053858580889648,0.0003053858580889648,0.00029997909248550696,0.00031308925188974464,1.1614783032374009e-06,1.1614783032374009e-06,1.1614783032374009e-06,1.1614783032374009e-06,1.1614783032374009e-06,1.1614783032374009e-06,1.1614783032374009e-06,1.1614783032374009e-06,1.1614783032374009e-06,0.00030654733639220224
129,2018-03-15 01:59:47,0.00030532166063867744,0.00030532166063867744,0.00030532166063867744,0.00030129609423581934,0.0003149434930901337,2.503340043305671e-06,2.503340043305671e-06,2.503340043305671e-06,2.503340043305671e-06,2.503340043305671e-06,2.503340043305671e-06,2.503340043305671e-06,2.503340043305671e-06,2.503340043305671e-06,0.00030782500068198313
130,2018-03-15 02:57:04,0.00030526050580590645,0.0003052605058059064,0.0003052605058059064,0.00030098419868091717,0.00031453672052730625,2.6056884281358097e-06,2.6056884281358097e-06,2.6056884281358097e-06,2.6056884281358097e-06,2.6056884281358097e-06,2.6056884281358097e-06,2.6056884281358097e-06,2.6056884281358097e-06,2.6056884281358097e-06,0.00030786619423404227
131,2018-03-15 03:59:54,0.00030519342587586673,0.00030519342587586673,0.00030519342587586673,0.00030056804334523503,0.00031405556672597256,2.075657259105965e-06,2.075657259105965e-06,2.075657259105965e-06,2.075657259105965e-06,2.075657259105965e-06,2.075657259105965e-06,2.075657259105965e-06,2.075657259105965e-06,2.075657259105965e-06,0.0003072690831349727
132,2018-03-15 04:59:44,0.0003051295487011074,0.0003051295487011074,0.0003051295487011074,0.0003002147136921157,0.000313643901467622,2.0551927542769938e-06,2.0551927542769938e-06,2.0551927542769938e-06,2.0551927542769938e-06,2.0551927542769938e-06,2.0551927542769938e-06,2.0551927542769938e-06,2.0551927542769938e-06,2.0551927542769938e-06,0.0003071847414553844
133,2018-03-15 05:59:43,0.0003050655113885841,0.0003050655113885841,0.0003050655113885841,0.00030116367074951996,0.0003145633123992613,2.8650032355133563e-06,2.8650032355133563e-06,2.8650032355133563e-06,2.8650032355133563e-06,2.8650032355133563e-06,2.8650032355133563e-06,2.8650032355133563e-06,2.8650032355133563e-06,2.8650032355133563e-06,0.00030793051462409745
134,2018-03-15 06:59:20,0.0003050018655239283,0.0003050018655239283,0.0003050018655239283,0.00030234089796621366,0.0003154627477902202,3.7474747622830948e-06,3.7474747622830948e-06,3.7474747622830948e-06,3.7474747622830948e-06,3.7474747622830948e-06,3.7474747622830948e-06,3.7474747622830948e-06,3.7474747622830948e-06,3.7474747622830948e-06,0.0003087493402862114
135,2018-03-15 07:58:56,0.00030494619604864,0.00030494619604864,0.00030494619604864,0.0003022483913146006,0.00031503423871248175,3.6791714879129883e-06,3.6791714879129883e-06,3.6791714879129883e-06,3.6791714879129883e-06,3.6791714879129883e-06,3.6791714879129883e-06,3.6791714879129883e-06,3.6791714879129883e-06,3.6791714879129883e-06,0.000308625367536553
136,2018-03-15 08:56:47,0.0003048921611636496,0.0003048921611636496,0.0003048921611636496,0.00030109356753293325,0.0003141130362879637,2.4830893453872175e-06,2.4830893453872175e-06,2.4830893453872175e-06,2.4830893453872175e-06,2.4830893453872175e-06,2.4830893453872175e-06,2.4830893453872175e-06,2.4830893453872175e-06,2.4830893453872175e-06,0.00030737525050903683
137,2018-03-15 09:59:30,0.00030483358056087847,0.00030483358056087847,0.00030483358056087847,0.00029915675025664654,0.00031263061475403825,8.209025393899791e-07,8.209025393899791e-07,8.209025393899791e-07,8.209025393899791e-07,8.209025393899791e-07,8.209025393899791e-07,8.209025393899791e-07,8.209025393899791e-07,8.209025393899791e-07,0.00030565448310026843
138,2018-03-15 10:59:53,0.00030477717941183776,0.00030477717941183776,0.00030477717941183776,0.00029748654893950157,0.0003117503702617855,-2.998275795297168e-08,-2.998275795297168e-08,-2.998275795297168e-08,-2.998275795297168e-08,-2.998275795297168e-08,-2.998275795297168e-08,-2.998275795297168e-08,-2.998275795297168e-08,-2.998275795297168e-08,0.0003047471966538848
139,2018-03-15 11:59:49,0.00030472119858601654,0.00030472119858601654,0.00030472119858601654,0.00029842929991289916,0.000311587811537718,3.031093662868132e-08,3.031093662868132e-08,3.031093662868132e-08,3.031093662868132e-08,3.031093662868132e-08,3.031093662868132e-08,3.031093662868132e-08,3.031093662868132e-08,3.031093662868132e-08,0.00030475150952264524
140,2018-03-15 12:59:14,0.00030466570035352135,0.00030466570035352135,0.00030466570035352135,0.0002981221438705375,0.0003112733050498331,7.91492084776868e-08,7.91492084776868e-08,7.91492084776868e-08,7.91492084776868e-08,7.91492084776868e-08,7.91492084776868e-08,7.91492084776868e-08,7.91492084776868e-08,7.91492084776868e-08,0.00030474484956199906
141,2018-03-15 13:59:48,0.0003046091279616876,0.0003046091279616876,0.0003046091279616876,0.00029742403660220853,0.00031044385110205616,-9.109655811675045e-07,-9.109655811675045e-07,-9.109655811675045e-07,-9.109655811675045e-07,-9.109655811675045e-07,-9.109655811675045e-07,-9.109655811675045e-07,-9.109655811675045e-07,-9.109655811675045e-07,0.0003036981623805201
142,2018-03-15 14:59:46,0.00030455311605021354,0.00030455311605021354,0.00030455311605021354,0.0002948263608797467,0.0003081654451293054,-2.8902073076816754e-06,-2.8902073076816754e-06,-2.8902073076816754e-06,-2.8902073076816754e-06,-2.8902073076816754e-06,-2.8902073076816754e-06,-2.8902073076816754e-06,-2.8902073076816754e-06,-2.8902073076816754e-06,0.00030166290874253187
143,2018-03-15 15:59:55,0.0003044969328960974,0.0003044969328960974,0.0003044969328960974,0.0002934615061667931,0.00030680256656038146,-4.634716769826284e-06,-4.634716769826284e-06,-4.634716769826284e-06,-4.634716769826284e-06,-4.634716769826284e-06,-4.634716769826284e-06,-4.634716769826284e-06,-4.634716769826284e-06,-4.634716769826284e-06,0.00029986221612627115
144,2018-03-15 16:59:53,0.00030444092098462337,0.00030444092098462337,0.00030444092098462337,0.0002929739713937118,0.00030690195398877144,-4.797289506225971e-06,-4.797289506225971e-06,-4.797289506225971e-06,-4.797289506225971e-06,-4.797289506225971e-06,-4.797289506225971e-06,-4.797289506225971e-06,-4.797289506225971e-06,-4.797289506225971e-06,0.0002996436314783974
145,2018-03-15 17:59:15,0.0003043854695036143,0.0003043854695036143,0.0003043854695036143,0.00029398982015925755,0.0003073012136534926,-3.26004910335137e-06,-3.26004910335137e-06,-3.26004910335137e-06,-3.26004910335137e-06,-3.26004910335137e-06,-3.26004910335137e-06,-3.26004910335137e-06,-3.26004910335137e-06,-3.26004910335137e-06,0.00030112542040026296
146,2018-03-15 18:59:55,0.00030432880375659777,0.00030432880375659777,0.00030432880375659777,0.0002967069211158568,0.0003101513435991595,-1.2161751163038346e-06,-1.2161751163038346e-06,-1.2161751163038346e-06,-1.2161751163038346e-06,-1.2161751163038346e-06,-1.2161751163038346e-06,-1.2161751163038346e-06,-1.2161751163038346e-06,-1.2161751163038346e-06,0.0003031126286402939
147,2018-03-15 19:59:48,0.0003042728696826883,0.00030427286968268824,0.00030427286968268824,0.00029738443752683164,0.0003104308925693591,-2.8949390335230557e-07,-2.8949390335230557e-07,-2.8949390335230557e-07,-2.8949390335230557e-07,-2.8949390335230557e-07,-2.8949390335230557e-07,-2.8949390335230557e-07,-2.8949390335230557e-07,-2.8949390335230557e-07,0.000303983375779336
148,2018-03-15 20:59:05,0.0003042174959420592,0.0003042174959420592,0.0003042174959420592,0.0002967608060567792,0.00030995931678201707,-8.873355310301904e-07,-8.873355310301904e-07,-8.873355310301904e-07,-8.873355310301904e-07,-8.873355310301904e-07,-8.873355310301904e-07,-8.873355310301904e-07,-8.873355310301904e-07,-8.873355310301904e-07,0.000303330160411029
149,2018-03-15 21:58:39,0.000304161857553246,0.00030416185755324603,0.00030416185755324603,0.00029613026320491145,0.0003086563209359273,-2.01552053535895e-06,-2.01552053535895e-06,-2.01552053535895e-06,-2.01552053535895e-06,-2.01552053535895e-06,-2.01552053535895e-06,-2.01552053535895e-06,-2.01552053535895e-06,-2.01552053535895e-06,0.000302146337017887
150,2018-03-15 22:59:40,0.00030410486478843203,0.00030410486478843203,0.00030410486478843203,0.0002955268510213537,0.0003088129909708452,-2.2007560253011014e-06,-2.2007560253011014e-06,-2.2007560253011014e-06,-2.2007560253011014e-06,-2.2007560253011014e-06,-2.2007560253011014e-06,-2.2007560253011014e-06,-2.2007560253011014e-06,-2.2007560253011014e-06,0.0003019041087631309
151,2018-03-15 23:59:47,0.00030404871267079094,0.00030404871267079094,0.00030404871267079094,0.00029639169399525787,0.00031022023320711453,-8.536483773374512e-07,-8.536483773374512e-07,-8.536483773374512e-07,-8.536483773374512e-07,-8.536483773374512e-07,-8.536483773374512e-07,-8.536483773374512e-07,-8.536483773374512e-07,-8.536483773374512e-07,0.0003031950642934535
152,2018-03-16 00:59:29,0.0003039929497416558,0.0003039929497416558,0.0003039929497416558,0.00029852431558536057,0.00031162261505494085,1.1562605874179726e-06,1.1562605874179726e-06,1.1562605874179726e-06,1.1562605874179726e-06,1.1562605874179726e-06,1.1562605874179726e-06,1.1562605874179726e-06,1.1562605874179726e-06,1.1562605874179726e-06,0.00030514921032907377
153,2018-03-16 01:58:53,0.000303937467028245,0.000303937467028245,0.000303937467028245,0.00029943651105669787,0.00031285282762578753,2.492744934929493e-06,2.492744934929493e-06,2.492744934929493e-06,2.492744934929493e-06,2.492744934929493e-06,2.492744934929493e-06,2.492744934929493e-06,2.492744934929493e-06,2.492744934929493e-06,0.0003064302119631745
154,2018-03-16 02:57:58,0.00030388228009809874,0.00030388228009809874,0.00030388228009809874,0.0002997267869498286,0.0003131958189294715,2.6000444247464604e-06,2.6000444247464604e-06,2.6000444247464604e-06,2.6000444247464604e-06,2.6000444247464604e-06,2.6000444247464604e-06,2.6000444247464604e-06,2.6000444247464604e-06,2.6000444247464604e-06,0.0003064823245228452
155,2018-03-16 03:59:02,0.00030382523993456795,0.00030382523993456795,0.00030382523993456795,0.0002993326209732295,0.0003125173028544034,2.081736329267832e-06,2.081736329267832e-06,2.081736329267832e-06,2.081736329267832e-06,2.081736329267832e-06,2.081736329267832e-06,2.081736329267832e-06,2.081736329267832e-06,2.081736329267832e-06,0.00030590697626383577
156,2018-03-16 04:59:01,0.00030376921167350155,0.00030376921167350155,0.00030376921167350155,0.0002993188852957905,0.0003125850213362105,2.050017596431215e-06,2.050017596431215e-06,2.050017596431215e-06,2.050017596431215e-06,2.050017596431215e-06,2.050017596431215e-06,2.050017596431215e-06,2.050017596431215e-06,2.050017596431215e-06,0.00030581922926993277
157,2018-03-16 05:59:06,0.00030371309000605377,0.00030371309000605377,0.00030371309000605377,0.0002995631040318495,0.00031343904715936663,2.854327371993504e-06,2.854327371993504e-06,2.854327371993504e-06,2.854327371993504e-06,2.854327371993504e-06,2.854327371993504e-06,2.854327371993504e-06,2.854327371993504e-06,2.854327371993504e-06,0.00030656741737804727
158,2018-03-16 06:59:59,0.0003036562210875554,0.0003036562210875554,0.0003036562210875554,0.00030073410025228725,0.00031447793312242933,3.7533008249226905e-06,3.7533008249226905e-06,3.7533008249226905e-06,3.7533008249226905e-06,3.7533008249226905e-06,3.7533008249226905e-06,3.7533008249226905e-06,3.7533008249226905e-06,3.7533008249226905e-06,0.0003074095219124781
159,2018-03-16 07:59:51,0.0003036003018006006,0.0003036003018006006,0.0003036003018006006,0.00030095106183243944,0.00031446075189203965,3.6679633371063642e-06,3.6679633371063642e-06,3.6679633371063642e-06,3.6679633371063642e-06,3.6679633371063642e-06,3.6679633371063642e-06,3.6679633371063642e-06,3.6679633371063642e-06,3.6679633371063642e-06,0.00030726826513770696
160,2018-03-16 08:59:57,0.0003035441645654226,0.0003035441645654226,0.0003035441645654226,0.0002997058446535809,0.0003128142144013584,2.397494250283199e-06,2.397494250283199e-06,2.397494250283199e-06,2.397494250283199e-06,2.397494250283199e-06,2.397494250283199e-06,2.397494250283199e-06,2.397494250283199e-06,2.397494250283199e-06,0.00030594165881570577
161,2018-03-16 09:59:10,0.0003031566919785446,0.0003031566919785446,0.0003031566919785446,0.00029693109872758064,0.0003107495353775955,8.284120237451596e-07,8.284120237451596e-07,8.284120237451596e-07,8.284120237451596e-07,8.284120237451596e-07,8.284120237451596e-07,8.284120237451596e-07,8.284120237451596e-07,8.284120237451596e-07,0.0003039851040022898
162,2018-03-16 10:59:47,0.0003027600587676031,0.0003027600587676031,0.0003027600587676031,0.0002953572376955994,0.0003094763984779527,-2.9463697776082497e-08,-2.9463697776082497e-08,-2.9463697776082497e-08,-2.9463697776082497e-08,-2.9463697776082497e-08,-2.9463697776082497e-08,-2.9463697776082497e-08,-2.9463697776082497e-08,-2.9463697776082497e-08,0.000302730595069827
163,2018-03-16 11:59:40,0.00030236822397879007,0.00030236822397879007,0.00030236822397879007,0.000295776285044321,0.00030937637240956997,2.966204879821257e-08,2.966204879821257e-08,2.966204879821257e-08,2.966204879821257e-08,2.966204879821257e-08,2.966204879821257e-08,2.966204879821257e-08,2.966204879821257e-08,2.966204879821257e-08,0.0003023978860275883
164,2018-03-16 12:58:48,0.00030198129666715394,0.00030198129666715394,0.00030198129666715394,0.0002951547387086236,0.0003088481405982985,8.16489564785097e-08,8.16489564785097e-08,8.16489564785097e-08,8.16489564785097e-08,8.16489564785097e-08,8.16489564785097e-08,8.16489564785097e-08,8.16489564785097e-08,8.16489564785097e-08,0.0003020629456236325
165,2018-03-16 13:57:46,0.0003015954599060016,0.0003015954599060016,0.0003015954599060016,0.0002940380011399656,0.0003073662110949777,-8.570762056390819e-07,-8.570762056390819e-07,-8.570762056390819e-07,-8.570762056390819e-07,-8.570762056390819e-07,-8.570762056390819e-07,-8.570762056390819e-07,-8.570762056390819e-07,-8.570762056390819e-07,0.00030073838370036255
166,2018-03-16 14:59:53,0.0003011890117407063,0.0003011890117407063,0.0003011890117407063,0.000291179484484112,0.0003048846078381525,-2.894339296183682e-06,-2.894339296183682e-06,-2.894339296183682e-06,-2.894339296183682e-06,-2.894339296183682e-06,-2.894339296183682e-06,-2.894339296183682e-06,-2.894339296183682e-06,-2.894339296183682e-06,0.00029829467244452265
167,2018-03-16 15:59:36,0.0003007982675023771,0.0003007982675023771,0.0003007982675023771,0.0002897961903965706,0.0003029883840915481,-4.628855493607935e-06,-4.628855493607935e-06,-4.628855493607935e-06,-4.628855493607935e-06,-4.628855493607935e-06,-4.628855493607935e-06,-4.628855493607935e-06,-4.628855493607935e-06,-4.628855493607935e-06,0.00029616941200876916
168,2018-03-16 16:59:54,0.0003004037063373547,0.0003004037063373547,0.0003004037063373547,0.000288868612490046,0.0003021748451546612,-4.797064626455586e-06,-4.797064626455586e-06,-4.797064626455586e-06,-4.797064626455586e-06,-4.797064626455586e-06,-4.797064626455586e-06,-4.797064626455586e-06,-4.797064626455586e-06,-4.797064626455586e-06,0.0002956066417108991
169,2018-03-16 17:59:30,0.00030001372548436406,0.00030001372548436406,0.00030001372548436406,0.0002900431239391013,0.00030350975885774285,-3.2514107482206304e-06,-3.2514107482206304e-06,-3.2514107482206304e-06,-3.2514107482206304e-06,-3.2514107482206304e-06,-3.2514107482206304e-06,-3.2514107482206304e-06,-3.2514107482206304e-06,-3.2514107482206304e-06,0.00029676231473614345
170,2018-03-16 18:58:08,0.00029963006982417916,0.00029963006982417916,0.00029963006982417916,0.0002916478508726239,0.0003052288646240391,-1.2665621262093771e-06,-1.2665621262093771e-06,-1.2665621262093771e-06,-1.2665621262093771e-06,-1.2665621262093771e-06,-1.2665621262093771e-06,-1.2665621262093771e-06,-1.2665621262093771e-06,-1.2665621262093771e-06,0.00029836350769796977
171,2018-03-16 19:57:14,0.0002992433606226398,0.0002992433606226398,0.0002992433606226398,0.0002921583827557532,0.0003057884910681808,-2.9522904617947375e-07,-2.9522904617947375e-07,-2.9522904617947375e-07,-2.9522904617947375e-07,-2.9522904617947375e-07,-2.9522904617947375e-07,-2.9522904617947375e-07,-2.9522904617947375e-07,-2.9522904617947375e-07,0.00029894813157646034
172,2018-03-16 20:59:52,0.0002988335317508449,0.0002988335317508449,0.0002988335317508449,0.0002914606807716847,0.0003041505858469903,-9.020582450406444e-07,-9.020582450406444e-07,-9.020582450406444e-07,-9.020582450406444e-07,-9.020582450406444e-07,-9.020582450406444e-07,-9.020582450406444e-07,-9.020582450406444e-07,-9.020582450406444e-07,0.00029793147350580426
173,2018-03-16 21:59:52,0.00029844093357669324,0.00029844093357669324,0.00029844093357669324,0.00028933868012844845,0.0003032266722253772,-2.0330992179490607e-06,-2.0330992179490607e-06,-2.0330992179490607e-06,-2.0330992179490607e-06,-2.0330992179490607e-06,-2.0330992179490607e-06,-2.0330992179490607e-06,-2.0330992179490607e-06,-2.0330992179490607e-06,0.0002964078343587442
174,2018-03-16 22:59:53,0.00029804822634749324,0.00029804822634749324,0.00029804822634749324,0.0002891239945668965,0.00030258331913575237,-2.1985079493671034e-06,-2.1985079493671034e-06,-2.1985079493671034e-06,-2.1985079493671034e-06,-2.1985079493671034e-06,-2.1985079493671034e-06,-2.1985079493671034e-06,-2.1985079493671034e-06,-2.1985079493671034e-06,0.00029584971839812614
175,2018-03-16 23:57:48,0.0002976692600543885,0.0002976692600543885,0.0002976692600543885,0.0002899976981443507,0.00030306527049527016,-9.164412538705536e-07,-9.164412538705536e-07,-9.164412538705536e-07,-9.164412538705536e-07,-9.164412538705536e-07,-9.164412538705536e-07,-9.164412538705536e-07,-9.164412538705536e-07,-9.164412538705536e-07,0.0002967528188005179
176,2018-03-17 00:59:52,0.00029726313905423837,0.00029726313905423837,0.00029726313905423837,0.0002918244124146687,0.0003053415173495163,1.1682526138199366e-06,1.1682526138199366e-06,1.1682526138199366e-06,1.1682526138199366e-06,1.1682526138199366e-06,1.1682526138199366e-06,1.1682526138199366e-06,1.1682526138199366e-06,1.1682526138199366e-06,0.0002984313916680583
177,2018-03-17 01:59:40,0.0002968718495406672,0.0002968718495406672,0.0002968718495406672,0.0002929879423701111,0.0003059762003468968,2.501984020272764e-06,2.501984020272764e-06,2.501984020272764e-06,2.501984020272764e-06,2.501984020272764e-06,2.501984020272764e-06,2.501984020272764e-06,2.501984020272764e-06,2.501984020272764e-06,0.00029937383356093997
178,2018-03-17 02:56:02,0.0002965030253670614,0.0002965030253670614,0.0002965030253670614,0.000292509813639082,0.0003057268905127869,2.61197655936919e-06,2.61197655936919e-06,2.61197655936919e-06,2.61197655936919e-06,2.61197655936919e-06,2.61197655936919e-06,2.61197655936919e-06,2.61197655936919e-06,2.61197655936919e-06,0.0002991150019264306
179,2018-03-17 03:59:18,0.0002960890524034282,0.0002960890524034282,0.0002960890524034282,0.0002912838951271553,0.0003049884716006826,2.0798534428966755e-06,2.0798534428966755e-06,2.0798534428966755e-06,2.0798534428966755e-06,2.0798534428966755e-06,2.0798534428966755e-06,2.0798534428966755e-06,2.0798534428966755e-06,2.0798534428966755e-06,0.0002981689058463249
180,2018-03-17 04:59:39,0.00029569416407326067,0.00029569416407326067,0.00029569416407326067,0.0002911231382804823,0.0003044490573860666,2.0545841015178357e-06,2.0545841015178357e-06,2.0545841015178357e-06,2.0545841015178357e-06,2.0545841015178357e-06,2.0545841015178357e-06,2.0545841015178357e-06,2.0545841015178357e-06,2.0545841015178357e-06,0.0002977487481747785
181,2018-03-17 05:57:54,0.0002953130166791885,0.0002953130166791885,0.0002953130166791885,0.0002916850779039235,0.0003047271564102672,2.833589170017594e-06,2.833589170017594e-06,2.833589170017594e-06,2.833589170017594e-06,2.833589170017594e-06,2.833589170017594e-06,2.833589170017594e-06,2.833589170017594e-06,2.833589170017594e-06,0.0002981466058492061
182,2018-03-17 06:59:46,0.0002949082043396188,0.0002949082043396188,0.0002949082043396188,0.0002917277237093998,0.00030511962998871854,3.7513724603653997e-06,3.7513724603653997e-06,3.7513724603653997e-06,3.7513724603653997e-06,3.7513724603653997e-06,3.7513724603653997e-06,3.7513724603653997e-06,3.7513724603653997e-06,3.7513724603653997e-06,0.00029865957679998424
183,2018-03-17 07:59:55,0.0002945146246700318,0.0002945146246700318,0.0002945146246700318,0.000291366420445423,0.0003047032361771974,3.6671364478320025e-06,3.6671364478320025e-06,3.6671364478320025e-06,3.6671364478320025e-06,3.6671364478320025e-06,3.6671364478320025e-06,3.6671364478320025e-06,3.6671364478320025e-06,3.6671364478320025e-06,0.0002981817611178638
184,2018-03-17 08:59:30,0.00029412475287208953,0.00029412475287208953,0.00029412475287208953,0.0002900156618869729,0.00030413289295999163,2.4097193691994752e-06,2.4097193691994752e-06,2.4097193691994752e-06,2.4097193691994752e-06,2.4097193691994752e-06,2.4097193691994752e-06,2.4097193691994752e-06,2.4097193691994752e-06,2.4097193691994752e-06,0.00029653447224128903
185,2018-03-17 09:59:54,0.0002937295373767769,0.0002937295373767769,0.0002937295373767769,0.0002877961852676637,0.00030170635021265234,8.119248755701875e-07,8.119248755701875e-07,8.119248755701875e-07,8.119248755701875e-07,8.119248755701875e-07,8.119248755701875e-07,8.119248755701875e-07,8.119248755701875e-07,8.119248755701875e-07,0.00029454146225234713
186,2018-03-17 10:58:35,0.0002933455545514469,0.0002933455545514469,0.0002933455545514469,0.0002868533546291793,0.00030005411538176156,-2.301573358540302e-08,-2.301573358540302e-08,-2.301573358540302e-08,-2.301573358540302e-08,-2.301573358540302e-08,-2.301573358540302e-08,-2.301573358540302e-08,-2.301573358540302e-08,-2.301573358540302e-08,0.00029332253881786147
187,2018-03-17 11:59:57,0.00029294401386332846,0.00029294401386332846,0.00029294401386332846,0.00028621941796017753,0.00030008190581175227,3.088770688449176e-08,3.088770688449176e-08,3.088770688449176e-08,3.088770688449176e-08,3.088770688449176e-08,3.088770688449176e-08,3.088770688449176e-08,3.088770688449176e-08,3.088770688449176e-08,0.00029297490157021295
188,2018-03-17 13:58:52,0.0002921659060931696,0.0002921659060931696,0.0002921659060931696,0.00028454516013793485,0.0002979612357345463,-8.860694500432303e-07,-8.860694500432303e-07,-8.860694500432303e-07,-8.860694500432303e-07,-8.860694500432303e-07,-8.860694500432303e-07,-8.860694500432303e-07,-8.860694500432303e-07,-8.860694500432303e-07,0.0002912798366431264
189,2018-03-17 14:58:51,0.00029177341697406633,0.00029177341697406633,0.00029177341697406633,0.00028168712720007743,0.00029544963129335134,-2.8577128020741122e-06,-2.8577128020741122e-06,-2.8577128020741122e-06,-2.8577128020741122e-06,-2.8577128020741122e-06,-2.8577128020741122e-06,-2.8577128020741122e-06,-2.8577128020741122e-06,-2.8577128020741122e-06,0.0002889157041719922
190,2018-03-17 15:59:48,0.0002913746026621574,0.0002913746026621574,0.0002913746026621574,0.00028022656046756874,0.0002931273030349463,-4.632562822686645e-06,-4.632562822686645e-06,-4.632562822686645e-06,-4.632562822686645e-06,-4.632562822686645e-06,-4.632562822686645e-06,-4.632562822686645e-06,-4.632562822686645e-06,-4.632562822686645e-06,0.00028674203983947074
191,2018-03-17 16:59:33,0.0002909836403137313,0.0002909836403137313,0.0002909836403137313,0.0002792177478699683,0.0002928369765927707,-4.801756990736671e-06,-4.801756990736671e-06,-4.801756990736671e-06,-4.801756990736671e-06,-4.801756990736671e-06,-4.801756990736671e-06,-4.801756990736671e-06,-4.801756990736671e-06,-4.801756990736671e-06,0.00028618188332299465
192,2018-03-17 17:59:05,0.0002905940956809342,0.0002905940956809342,0.0002905940956809342,0.00028069616047017224,0.00029412020370548687,-3.2658031011193997e-06,-3.2658031011193997e-06,-3.2658031011193997e-06,-3.2658031011193997e-06,-3.2658031011193997e-06,-3.2658031011193997e-06,-3.2658031011193997e-06,-3.2658031011193997e-06,-3.2658031011193997e-06,0.00028732829257981476
193,2018-03-17 18:59:52,0.00029019637191950897,0.00029019637191950897,0.00029019637191950897,0.00028233565032022013,0.0002957705066642387,-1.2175735498516034e-06,-1.2175735498516034e-06,-1.2175735498516034e-06,-1.2175735498516034e-06,-1.2175735498516034e-06,-1.2175735498516034e-06,-1.2175735498516034e-06,-1.2175735498516034e-06,-1.2175735498516034e-06,0.00028897879836965734
194,2018-03-17 19:57:30,0.0002898192595622266,0.0002898192595622266,0.0002898192595622266,0.0002828852320046121,0.0002965222091709549,-2.9448907330582814e-07,-2.9448907330582814e-07,-2.9448907330582814e-07,-2.9448907330582814e-07,-2.9448907330582814e-07,-2.9448907330582814e-07,-2.9448907330582814e-07,-2.9448907330582814e-07,-2.9448907330582814e-07,0.00028952477048892075
195,2018-03-17 20:59:08,0.0002894159739933342,0.0002894159739933342,0.0002894159739933342,0.0002820385583194155,0.0002951844563521838,-8.882723469705195e-07,-8.882723469705195e-07,-8.882723469705195e-07,-8.882723469705195e-07,-8.882723469705195e-07,-8.882723469705195e-07,-8.882723469705195e-07,-8.882723469705195e-07,-8.882723469705195e-07,0.00028852770164636363
196,2018-03-17 21:59:28,0.00028902119471821506,0.00028902119471821506,0.00028902119471821506,0.0002806041331794597,0.0002936805677288592,-2.0273672994015228e-06,-2.0273672994015228e-06,-2.0273672994015228e-06,-2.0273672994015228e-06,-2.0273672994015228e-06,-2.0273672994015228e-06,-2.0273672994015228e-06,-2.0273672994015228e-06,-2.0273672994015228e-06,0.0002869938274188135
197,2018-03-17 22:59:57,0.00028862543394766056,0.00028862543394766056,0.00028862543394766056,0.0002797616653069413,0.0002927724190370796,-2.1978119134170276e-06,-2.1978119134170276e-06,-2.1978119134170276e-06,-2.1978119134170276e-06,-2.1978119134170276e-06,-2.1978119134170276e-06,-2.1978119134170276e-06,-2.1978119134170276e-06,-2.1978119134170276e-06,0.0002864276220342435
198,2018-03-17 23:58:38,0.0002882414511223305,0.0002882414511223305,0.0002882414511223305,0.0002809855978521696,0.00029430698711989823,-8.901571167797014e-07,-8.901571167797014e-07,-8.901571167797014e-07,-8.901571167797014e-07,-8.901571167797014e-07,-8.901571167797014e-07,-8.901571167797014e-07,-8.901571167797014e-07,-8.901571167797014e-07,0.00028735129400555084
199,2018-03-18 00:12:31,0.00028815060826703384,0.00028815060826703384,0.00028815060826703384,0.0002808595864516062,0.0002941951404002977,-4.3402396365998747e-07,-4.3402396365998747e-07,-4.3402396365998747e-07,-4.3402396365998747e-07,-4.3402396365998747e-07,-4.3402396365998747e-07,-4.3402396365998747e-07,-4.3402396365998747e-07,-4.3402396365998747e-07,0.00028771658430337384
200,2018-03-18 01:12:31,0.0002877580100928822,0.0002877580100928822,0.0002877580100928822,0.00028209569765313904,0.0002958332048686989,1.5447286404573941e-06,1.5447286404573941e-06,1.5447286404573941e-06,1.5447286404573941e-06,1.5447286404573941e-06,1.5447286404573941e-06,1.5447286404573941e-06,1.5447286404573941e-06,1.5447286404573941e-06,0.0002893027387333396
201,2018-03-18 02:12:31,0.00028736541191873055,0.0002873593144651389,0.0002873687155273996,0.0002833235719999095,0.00029688964830906924,2.620461150203378e-06,2.620461150203378e-06,2.620461150203378e-06,2.620461150203378e-06,2.620461150203378e-06,2.620461150203378e-06,2.620461150203378e-06,2.620461150203378e-06,2.620461150203378e-06,0.0002899858730689339
202,2018-03-18 03:12:31,0.0002869728137445789,0.0002868832638648795,0.00028704734718360935,0.00028307338038935956,0.0002960163550684813,2.4906380095181445e-06,2.4906380095181445e-06,2.4906380095181445e-06,2.4906380095181445e-06,2.4906380095181445e-06,2.4906380095181445e-06,2.4906380095181445e-06,2.4906380095181445e-06,2.4906380095181445e-06,0.0002894634517540971
203,2018-03-18 04:12:31,0.00028658021557042727,0.00028638887562509814,0.0002867475940229887,0.0002818565817691993,0.0002952517062082268,2.001938627391752e-06,2.001938627391752e-06,2.001938627391752e-06,2.001938627391752e-06,2.001938627391752e-06,2.001938627391752e-06,2.001938627391752e-06,2.001938627391752e-06,2.001938627391752e-06,0.000288582154197819
204,2018-03-18 05:12:31,0.0002861876173962756,0.0002858582685878165,0.000286499131033583,0.000280959431508528,0.00029470720141748833,2.1694322353078152e-06,2.1694322353078152e-06,2.1694322353078152e-06,2.1694322353078152e-06,2.1694322353078152e-06,2.1694322353078152e-06,2.1694322353078152e-06,2.1694322353078152e-06,2.1694322353078152e-06,0.00028835704963158345
205,2018-03-18 06:12:31,0.000285795019222124,0.0002853012672369589,0.0002862713603945671,0.0002824156003284571,0.00029551379044562607,3.0870889903714385e-06,3.0870889903714385e-06,3.0870889903714385e-06,3.0870889903714385e-06,3.0870889903714385e-06,3.0870889903714385e-06,3.0870889903714385e-06,3.0870889903714385e-06,3.0870889903714385e-06,0.0002888821082124954
206,2018-03-18 07:12:31,0.00028540242104797234,0.0002847197869603807,0.0002860681064221021,0.0002827474190126204,0.0002964399603900437,3.840304445484463e-06,3.840304445484463e-06,3.840304445484463e-06,3.840304445484463e-06,3.840304445484463e-06,3.840304445484463e-06,3.840304445484463e-06,3.840304445484463e-06,3.840304445484463e-06,0.0002892427254934568
207,2018-03-18 08:12:31,0.0002850098228738207,0.000284126373405047,0.0002858727667150434,0.00028243077501465864,0.00029555903239427713,3.483066828665123e-06,3.483066828665123e-06,3.483066828665123e-06,3.483066828665123e-06,3.483066828665123e-06,3.483066828665123e-06,3.483066828665123e-06,3.483066828665123e-06,3.483066828665123e-06,0.00028849288970248584
208,2018-03-18 09:12:31,0.0002846172246996691,0.00028354764200521883,0.0002857648517269098,0.00027938566993889336,0.0002936952898452125,2.0504306217428656e-06,2.0504306217428656e-06,2.0504306217428656e-06,2.0504306217428656e-06,2.0504306217428656e-06,2.0504306217428656e-06,2.0504306217428656e-06,2.0504306217428656e-06,2.0504306217428656e-06,0.000286667655321412
209,2018-03-18 10:12:31,0.00028422462652551747,0.0002829059607121444,0.00028564193703210046,0.00027807497177256434,0.0002914883099010964,5.48931934819738e-07,5.48931934819738e-07,5.48931934819738e-07,5.48931934819738e-07,5.48931934819738e-07,5.48931934819738e-07,5.48931934819738e-07,5.48931934819738e-07,5.48931934819738e-07,0.0002847735584603372
210,2018-03-18 11:12:31,0.0002838320283513658,0.0002822211106274593,0.0002855081203092674,0.0002765413538463176,0.00029089325375137594,-7.393451759383177e-08,-7.393451759383177e-08,-7.393451759383177e-08,-7.393451759383177e-08,-7.393451759383177e-08,-7.393451759383177e-08,-7.393451759383177e-08,-7.393451759383177e-08,-7.393451759383177e-08,0.00028375809383377197
211,2018-03-18 12:12:31,0.0002834394301772142,0.00028158845347132954,0.0002853302610869139,0.0002767075599832959,0.00029059732480908845,8.307769069707706e-08,8.307769069707706e-08,8.307769069707706e-08,8.307769069707706e-08,8.307769069707706e-08,8.307769069707706e-08,8.307769069707706e-08,8.307769069707706e-08,8.307769069707706e-08,0.0002835225078679113
212,2018-03-18 13:12:31,0.00028304683200306254,0.00028085651356514826,0.00028520974336747773,0.00027614759142516874,0.00029053634483065447,-2.7167445415395827e-08,-2.7167445415395827e-08,-2.7167445415395827e-08,-2.7167445415395827e-08,-2.7167445415395827e-08,-2.7167445415395827e-08,-2.7167445415395827e-08,-2.7167445415395827e-08,-2.7167445415395827e-08,0.00028301966455764716
213,2018-03-18 14:12:31,0.00028265423382891095,0.00028012512058616176,0.0002851305559965377,0.0002740885878452916,0.00028861375225875313,-1.2755664698292793e-06,-1.2755664698292793e-06,-1.2755664698292793e-06,-1.2755664698292793e-06,-1.2755664698292793e-06,-1.2755664698292793e-06,-1.2755664698292793e-06,-1.2755664698292793e-06,-1.2755664698292793e-06,0.00028137866735908167
214,2018-03-18 15:12:31,0.0002822616356547593,0.0002793904050286564,0.0002850312703552646,0.00027142381671723455,0.00028639265827567193,-3.3340216969338006e-06,-3.3340216969338006e-06,-3.3340216969338006e-06,-3.3340216969338006e-06,-3.3340216969338006e-06,-3.3340216969338006e-06,-3.3340216969338006e-06,-3.3340216969338006e-06,-3.3340216969338006e-06,0.0002789276139578255
215,2018-03-18 16:12:31,0.00028186903748060767,0.00027863235556039434,0.0002849567295741036,0.00026964934005935736,0.00028490551076912313,-4.828320428530205e-06,-4.828320428530205e-06,-4.828320428530205e-06,-4.828320428530205e-06,-4.828320428530205e-06,-4.828320428530205e-06,-4.828320428530205e-06,-4.828320428530205e-06,-4.828320428530205e-06,0.0002770407170520775
216,2018-03-18 17:12:31,0.0002814764393064561,0.0002779423729318758,0.00028493783975925576,0.0002689068820049141,0.00028506127445380086,-4.5869407431031756e-06,-4.5869407431031756e-06,-4.5869407431031756e-06,-4.5869407431031756e-06,-4.5869407431031756e-06,-4.5869407431031756e-06,-4.5869407431031756e-06,-4.5869407431031756e-06,-4.5869407431031756e-06,0.0002768894985633529
217,2018-03-18 18:12:31,0.00028108384113230444,0.0002772868660038953,0.000284903090011854,0.00027064902188143474,0.00028666650758952877,-2.792706342953185e-06,-2.792706342953185e-06,-2.792706342953185e-06,-2.792706342953185e-06,-2.792706342953185e-06,-2.792706342953185e-06,-2.792706342953185e-06,-2.792706342953185e-06,-2.792706342953185e-06,0.00027829113478935124
218,2018-03-18 19:12:31,0.0002806912429581528,0.00027651213921424747,0.0002848987925074124,0.0002716550015435738,0.00028834003884239815,-8.922065115016219e-07,-8.922065115016219e-07,-8.922065115016219e-07,-8.922065115016219e-07,-8.922065115016219e-07,-8.922065115016219e-07,-8.922065115016219e-07,-8.922065115016219e-07,-8.922065115016219e-07,0.00027979903644665115
219,2018-03-18 20:12:31,0.00028029864478400115,0.0002758211579228713,0.0002849346074416588,0.00027196236290527364,0.0002886451854640288,-3.0573875465628787e-07,-3.0573875465628787e-07,-3.0573875465628787e-07,-3.0573875465628787e-07,-3.0573875465628787e-07,-3.0573875465628787e-07,-3.0573875465628787e-07,-3.0573875465628787e-07,-3.0573875465628787e-07,0.0002799929060293449
220,2018-03-18 21:12:31,0.0002799060466098495,0.00027515682957400864,0.00028486314135656,0.00027050231936211666,0.0002877363512780441,-1.1504833087925554e-06,-1.1504833087925554e-06,-1.1504833087925554e-06,-1.1504833087925554e-06,-1.1504833087925554e-06,-1.1504833087925554e-06,-1.1504833087925554e-06,-1.1504833087925554e-06,-1.1504833087925554e-06,0.00027875556330105695
221,2018-03-18 22:12:31,0.00027951344843569787,0.00027447948227217174,0.00028495398584035716,0.0002684306393221485,0.0002862472115769081,-2.1882092626889215e-06,-2.1882092626889215e-06,-2.1882092626889215e-06,-2.1882092626889215e-06,-2.1882092626889215e-06,-2.1882092626889215e-06,-2.1882092626889215e-06,-2.1882092626889215e-06,-2.1882092626889215e-06,0.00027732523917300896
222,2018-03-18 23:12:31,0.0002791208502615462,0.00027380284218653966,0.00028499773857626015,0.00026808069248937386,0.00028615260683702255,-2.0307797289748e-06,-2.0307797289748e-06,-2.0307797289748e-06,-2.0307797289748e-06,-2.0307797289748e-06,-2.0307797289748e-06,-2.0307797289748e-06,-2.0307797289748e-06,-2.0307797289748e-06,0.00027709007053257145
223,2018-03-19 00:12:31,0.0002787282520873946,0.0002731186409651986,0.00028493095571502543,0.000269502367016818,0.00028799463899980903,-4.3402396362480527e-07,-4.3402396362480527e-07,-4.3402396362480527e-07,-4.3402396362480527e-07,-4.3402396362480527e-07,-4.3402396362480527e-07,-4.3402396362480527e-07,-4.3402396362480527e-07,-4.3402396362480527e-07,0.00027829422812376977
