,ds,trend,trend_lower,trend_upper,yhat_lower,yhat_upper,daily,daily_lower,daily_upper,hourly,hourly_lower,hourly_upper,seasonal,seasonal_lower,seasonal_upper,seasonalities,seasonalities_lower,seasonalities_upper,yhat
0,2018-03-04 15:43:08,2.592783199485144e-05,2.592783199485144e-05,2.592783199485144e-05,2.5609962986444653e-05,2.6586426749167666e-05,1.224540784501912e-07,1.224540784501912e-07,1.224540784501912e-07,6.050024568610853e-08,6.050024568610853e-08,6.050024568610853e-08,1.829543241362997e-07,1.829543241362997e-07,1.829543241362997e-07,1.829543241362997e-07,1.829543241362997e-07,1.829543241362997e-07,2.611078631898774e-05
1,2018-03-04 16:18:02,2.592929887979751e-05,2.5929298879797507e-05,2.5929298879797507e-05,2.5524333465235746e-05,2.6506839252329975e-05,1.956805074239797e-07,1.956805074239797e-07,1.956805074239797e-07,-1.0656101175667985e-07,-1.0656101175667985e-07,-1.0656101175667985e-07,8.911949566729986e-08,8.911949566729986e-08,8.911949566729986e-08,8.911949566729986e-08,8.911949566729986e-08,8.911949566729986e-08,2.601841837546481e-05
2,2018-03-04 17:57:59,2.5933499886971143e-05,2.5933499886971143e-05,2.5933499886971143e-05,2.555434217243855e-05,2.6544922260490462e-05,2.5638617241311705e-07,2.5638617241311705e-07,2.5638617241311705e-07,-1.1036508935454749e-07,-1.1036508935454749e-07,-1.1036508935454749e-07,1.4602108305856962e-07,1.4602108305856962e-07,1.4602108305856962e-07,1.4602108305856962e-07,1.4602108305856962e-07,1.4602108305856962e-07,2.6079520970029712e-05
3,2018-03-04 18:54:17,2.5935866237185004e-05,2.5935866237185004e-05,2.5935866237185004e-05,2.5488081226760117e-05,2.6457635360676063e-05,1.9471867139339988e-07,1.9471867139339988e-07,1.9471867139339988e-07,-1.2637079780281914e-07,-1.2637079780281914e-07,-1.2637079780281914e-07,6.834787359058073e-08,6.834787359058073e-08,6.834787359058073e-08,6.834787359058073e-08,6.834787359058073e-08,6.834787359058073e-08,2.6004214110775585e-05
4,2018-03-04 21:58:13,2.5943597155172037e-05,2.5943597155172037e-05,2.5943597155172037e-05,2.5396947707875543e-05,2.6378639182872108e-05,-2.6386332916318747e-09,-2.6386332916318747e-09,-2.6386332916318747e-09,-4.4348898055603567e-08,-4.4348898055603567e-08,-4.4348898055603567e-08,-4.698753134723544e-08,-4.698753134723544e-08,-4.698753134723544e-08,-4.698753134723544e-08,-4.698753134723544e-08,-4.698753134723544e-08,2.58966096238248e-05
5,2018-03-04 22:00:21,2.594368682149157e-05,2.594368682149157e-05,2.594368682149157e-05,2.5312657168997708e-05,2.6320333523375034e-05,-8.986235394062925e-09,-8.986235394062925e-09,-8.986235394062925e-09,-1.1868115213079046e-07,-1.1868115213079046e-07,-1.1868115213079046e-07,-1.2766738752485338e-07,-1.2766738752485338e-07,-1.2766738752485338e-07,-1.2766738752485338e-07,-1.2766738752485338e-07,-1.2766738752485338e-07,2.5816019433966716e-05
6,2018-03-04 23:31:13,2.5947506046289075e-05,2.5947506046289075e-05,2.5947506046289075e-05,2.5165309510344844e-05,2.613232289056709e-05,-3.256002224334671e-07,-3.256002224334671e-07,-3.256002224334671e-07,2.163954437242251e-08,2.163954437242251e-08,2.163954437242251e-08,-3.039606780610446e-07,-3.039606780610446e-07,-3.039606780610446e-07,-3.039606780610446e-07,-3.039606780610446e-07,-3.039606780610446e-07,2.564354536822803e-05
7,2018-03-05 00:59:07,2.595120057916534e-05,2.595120057916534e-05,2.595120057916534e-05,2.5099211029002247e-05,2.6101164608902836e-05,-3.4231781109184586e-07,-3.4231781109184586e-07,-3.4231781109184586e-07,-3.594514589241077e-08,-3.594514589241077e-08,-3.594514589241077e-08,-3.7826295698425666e-07,-3.7826295698425666e-07,-3.7826295698425666e-07,-3.7826295698425666e-07,-3.7826295698425666e-07,-3.7826295698425666e-07,2.5572937622181084e-05
8,2018-03-05 01:53:01,2.5953466054956363e-05,2.5953466054956367e-05,2.5953466054956367e-05,2.516027059444177e-05,2.617442558566261e-05,-1.5925797740215531e-07,-1.5925797740215531e-07,-1.5925797740215531e-07,-1.257724492449375e-07,-1.257724492449375e-07,-1.257724492449375e-07,-2.8503042664709295e-07,-2.8503042664709295e-07,-2.8503042664709295e-07,-2.8503042664709295e-07,-2.8503042664709295e-07,-2.8503042664709295e-07,2.566843562830927e-05
9,2018-03-05 02:59:21,2.5956254117308952e-05,2.5956254117308952e-05,2.5956254117308952e-05,2.5526383476859387e-05,2.6450831739374557e-05,4.1813468480777326e-08,4.1813468480777326e-08,4.1813468480777326e-08,-1.154831121384826e-08,-1.154831121384826e-08,-1.154831121384826e-08,3.0265157266929067e-08,3.0265157266929067e-08,3.0265157266929067e-08,3.0265157266929067e-08,3.0265157266929067e-08,3.0265157266929067e-08,2.5986519274575882e-05
10,2018-03-05 03:08:04,2.595662048831659e-05,2.595662048831659e-05,2.595662048831659e-05,2.5618963252600653e-05,2.662509445550329e-05,5.5168748454462056e-08,5.5168748454462056e-08,5.5168748454462056e-08,7.388275586869217e-08,7.388275586869217e-08,7.388275586869217e-08,1.2905150432315425e-07,1.2905150432315425e-07,1.2905150432315425e-07,1.2905150432315425e-07,1.2905150432315425e-07,1.2905150432315425e-07,2.6085671992639745e-05
11,2018-03-05 04:53:35,2.5961055468908103e-05,2.5961055468908103e-05,2.5961055468908103e-05,2.549982025752078e-05,2.6451178824384985e-05,1.038567242606631e-08,1.038567242606631e-08,1.038567242606631e-08,-4.958421666672535e-09,-4.958421666672535e-09,-4.958421666672535e-09,5.427250759393776e-09,5.427250759393776e-09,5.427250759393776e-09,5.427250759393776e-09,5.427250759393776e-09,5.427250759393776e-09,2.5966482719667497e-05
12,2018-03-05 05:50:09,2.5963433027607775e-05,2.5963433027607775e-05,2.5963433027607775e-05,2.5457516165791157e-05,2.6401294638628196e-05,-1.291674204221366e-08,-1.291674204221366e-08,-1.291674204221366e-08,-1.5233315221673878e-09,-1.5233315221673878e-09,-1.5233315221673878e-09,-1.4440073564381048e-08,-1.4440073564381048e-08,-1.4440073564381048e-08,-1.4440073564381048e-08,-1.4440073564381048e-08,-1.4440073564381048e-08,2.5948992954043393e-05
13,2018-03-05 06:55:55,2.5966197272342272e-05,2.5966197272342272e-05,2.5966197272342272e-05,2.5510618758249873e-05,2.6516051899251252e-05,2.8360027684551695e-08,2.8360027684551695e-08,2.8360027684551695e-08,1.7487688764099972e-08,1.7487688764099972e-08,1.7487688764099972e-08,4.584771644865167e-08,4.584771644865167e-08,4.584771644865167e-08,4.584771644865167e-08,4.584771644865167e-08,4.584771644865167e-08,2.6012044988790922e-05
14,2018-03-05 07:53:14,2.5968604148486585e-05,2.5968604148486585e-05,2.5968604148486585e-05,2.5515986001721787e-05,2.6483147148693706e-05,3.59038317203887e-08,3.59038317203887e-08,3.59038317203887e-08,1.1808089781240413e-08,1.1808089781240413e-08,1.1808089781240413e-08,4.771192150162912e-08,4.771192150162912e-08,4.771192150162912e-08,4.771192150162912e-08,4.771192150162912e-08,4.771192150162912e-08,2.6016316069988216e-05
15,2018-03-05 08:57:34,2.5971305672742776e-05,2.5971305672742776e-05,2.5971305672742776e-05,2.5579593642131502e-05,2.6548811660389104e-05,-3.765158300897301e-08,-3.765158300897301e-08,-3.765158300897301e-08,1.0556000543826446e-07,1.0556000543826446e-07,1.0556000543826446e-07,6.790842242929146e-08,6.790842242929146e-08,6.790842242929146e-08,6.790842242929146e-08,6.790842242929146e-08,6.790842242929146e-08,2.6039214095172068e-05
16,2018-03-05 09:51:37,2.597357537304403e-05,2.597357537304403e-05,2.597357537304403e-05,2.5466520087363228e-05,2.6493810114081302e-05,-9.978608577549365e-08,-9.978608577549365e-08,-9.978608577549365e-08,8.094649989773142e-08,8.094649989773142e-08,8.094649989773142e-08,-1.883958587776223e-08,-1.883958587776223e-08,-1.883958587776223e-08,-1.883958587776223e-08,-1.883958587776223e-08,-1.883958587776223e-08,2.5954735787166268e-05
17,2018-03-05 10:49:19,2.5975998346353596e-05,2.5975998346353596e-05,2.5975998346353596e-05,2.543726780200903e-05,2.6426614574655073e-05,-9.17039180252548e-08,-9.17039180252548e-08,-9.17039180252548e-08,8.287226822451672e-08,8.287226822451672e-08,8.287226822451672e-08,-8.831649800738067e-09,-8.831649800738067e-09,-8.831649800738067e-09,-8.831649800738067e-09,-8.831649800738067e-09,-8.831649800738067e-09,2.596716669655286e-05
18,2018-03-05 11:26:50,2.5977573768918542e-05,2.5977573768918542e-05,2.5977573768918542e-05,2.5325926558894187e-05,2.630941812763306e-05,-5.1945654689376574e-08,-5.1945654689376574e-08,-5.1945654689376574e-08,-1.2037834030855283e-07,-1.2037834030855283e-07,-1.2037834030855283e-07,-1.7232399499792939e-07,-1.7232399499792939e-07,-1.7232399499792939e-07,-1.7232399499792939e-07,-1.7232399499792939e-07,-1.7232399499792939e-07,2.5805249773920613e-05
19,2018-03-05 13:40:45,2.5983197278607274e-05,2.5983197278607274e-05,2.5983197278607274e-05,2.5529107573113322e-05,2.6559222131577934e-05,1.2927546942602547e-09,1.2927546942602547e-09,1.2927546942602547e-09,5.3738179585422066e-08,5.3738179585422066e-08,5.3738179585422066e-08,5.503093427968231e-08,5.503093427968231e-08,5.503093427968231e-08,5.503093427968231e-08,5.503093427968231e-08,5.503093427968231e-08,2.6038228212886956e-05
20,2018-03-05 14:55:42,2.5985876952314927e-05,2.5985876952314927e-05,2.5985876952314927e-05,2.560461902189216e-05,2.664914899411019e-05,3.620955401734313e-08,3.620955401734313e-08,3.620955401734313e-08,9.942640589258014e-08,9.942640589258014e-08,9.942640589258014e-08,1.3563595990992326e-07,1.3563595990992326e-07,1.3563595990992326e-07,1.3563595990992326e-07,1.3563595990992326e-07,1.3563595990992326e-07,2.612151291222485e-05
21,2018-03-05 15:02:13,2.5986109941512103e-05,2.5986109941512103e-05,2.5986109941512103e-05,2.5434924075839036e-05,2.6423196932815007e-05,4.549397663330742e-08,4.549397663330742e-08,4.549397663330742e-08,-9.509120827884482e-08,-9.509120827884482e-08,-9.509120827884482e-08,-4.959723164553744e-08,-4.959723164553744e-08,-4.959723164553744e-08,-4.959723164553744e-08,-4.959723164553744e-08,-4.959723164553744e-08,2.5936512709866567e-05
22,2018-03-05 16:49:14,2.5989936088916344e-05,2.598993608891634e-05,2.598993608891634e-05,2.5805203025914014e-05,2.6755531829593098e-05,2.459431513362923e-07,2.459431513362923e-07,2.459431513362923e-07,6.00273961508621e-08,6.00273961508621e-08,6.00273961508621e-08,3.0597054748715443e-07,3.0597054748715443e-07,3.0597054748715443e-07,3.0597054748715443e-07,3.0597054748715443e-07,3.0597054748715443e-07,2.6295906636403497e-05
23,2018-03-05 17:17:37,2.5990950873066697e-05,2.5990950873066697e-05,2.5990950873066697e-05,2.5693529889258614e-05,2.6688105339866014e-05,2.6777974417082214e-07,2.6777974417082214e-07,2.6777974417082214e-07,-5.343548392881503e-08,-5.343548392881503e-08,-5.343548392881503e-08,2.1434426024200713e-07,2.1434426024200713e-07,2.1434426024200713e-07,2.1434426024200713e-07,2.1434426024200713e-07,2.1434426024200713e-07,2.6205295133308703e-05
24,2018-03-05 19:03:20,2.5994730541807558e-05,2.5994730541807558e-05,2.5994730541807558e-05,2.5711087678137467e-05,2.6708940007495066e-05,1.8482229649555115e-07,1.8482229649555115e-07,1.8482229649555115e-07,4.5879771465652446e-08,4.5879771465652446e-08,4.5879771465652446e-08,2.3070206796120354e-07,2.3070206796120354e-07,2.3070206796120354e-07,2.3070206796120354e-07,2.3070206796120354e-07,2.3070206796120354e-07,2.6225432609768762e-05
25,2018-03-05 21:05:01,2.5999081063875515e-05,2.5999081063875515e-05,2.5999081063875515e-05,2.545435048680738e-05,2.650938244190736e-05,1.0530846636874868e-07,1.0530846636874868e-07,1.0530846636874868e-07,-1.2577244920280985e-07,-1.2577244920280985e-07,-1.2577244920280985e-07,-2.0463982834061175e-08,-2.0463982834061175e-08,-2.0463982834061175e-08,-2.0463982834061175e-08,-2.0463982834061175e-08,-2.0463982834061175e-08,2.5978617081041455e-05
26,2018-03-06 00:55:03,2.600730540377168e-05,2.600730540377168e-05,2.600730540377168e-05,2.5021103645106752e-05,2.602112435074694e-05,-3.5197445874029453e-07,-3.5197445874029453e-07,-3.5197445874029453e-07,-1.2984590526962981e-07,-1.2984590526962981e-07,-1.2984590526962981e-07,-4.818203640099242e-07,-4.818203640099242e-07,-4.818203640099242e-07,-4.818203640099242e-07,-4.818203640099242e-07,-4.818203640099242e-07,2.5525485039761756e-05
27,2018-03-06 01:58:37,2.599247781787832e-05,2.599247781787832e-05,2.599247781787832e-05,2.535039792363253e-05,2.634329829146219e-05,-1.3796578531757567e-07,-1.3796578531757567e-07,-1.3796578531757567e-07,-5.644075037383219e-09,-5.644075037383219e-09,-5.644075037383219e-09,-1.4360986035495892e-07,-1.4360986035495892e-07,-1.4360986035495892e-07,-1.4360986035495892e-07,-1.4360986035495892e-07,-1.4360986035495892e-07,2.584886795752336e-05
28,2018-03-06 03:40:13,2.596877856155794e-05,2.596877856155794e-05,2.596877856155794e-05,2.5645347722462128e-05,2.663341520942945e-05,7.383748952328986e-08,7.383748952328986e-08,7.383748952328986e-08,8.243178214059319e-08,8.243178214059319e-08,8.243178214059319e-08,1.5626927166388305e-07,1.5626927166388305e-07,1.5626927166388305e-07,1.5626927166388305e-07,1.5626927166388305e-07,1.5626927166388305e-07,2.612504783322182e-05
29,2018-03-06 04:58:36,2.5950494834117855e-05,2.5950494834117855e-05,2.5950494834117855e-05,2.541868536212871e-05,2.6451998070562965e-05,5.680415092085529e-09,5.680415092085529e-09,5.680415092085529e-09,-1.5784147992400442e-08,-1.5784147992400442e-08,-1.5784147992400442e-08,-1.0103732900314911e-08,-1.0103732900314911e-08,-1.0103732900314911e-08,-1.0103732900314911e-08,-1.0103732900314911e-08,-1.0103732900314911e-08,2.594039110121754e-05
30,2018-03-06 08:27:59,2.590165399468988e-05,2.590165399468988e-05,2.590165399468988e-05,2.5517691488109648e-05,2.6483219825101952e-05,3.6649370164825984e-09,3.6649370164825984e-09,3.6649370164825984e-09,8.426620873547412e-08,8.426620873547412e-08,8.426620873547412e-08,8.793114575195672e-08,8.793114575195672e-08,8.793114575195672e-08,8.793114575195672e-08,8.793114575195672e-08,8.793114575195672e-08,2.5989585140441835e-05
31,2018-03-06 09:01:44,2.5893781456296053e-05,2.5893781456296053e-05,2.5893781456296053e-05,2.5357098163483738e-05,2.6364899068415254e-05,-4.369421194369489e-08,-4.369421194369489e-08,-4.369421194369489e-08,1.0330192147936287e-08,1.0330192147936287e-08,1.0330192147936287e-08,-3.336401979575862e-08,-3.336401979575862e-08,-3.336401979575862e-08,-3.336401979575862e-08,-3.336401979575862e-08,-3.336401979575862e-08,2.5860417436500293e-05
32,2018-03-06 10:51:59,2.5868064497542886e-05,2.5868064497542886e-05,2.5868064497542886e-05,2.5373038266482474e-05,2.635518057851078e-05,-8.943449320528982e-08,-8.943449320528982e-08,-8.943449320528982e-08,1.0958531952728603e-07,1.0958531952728603e-07,1.0958531952728603e-07,2.0150826321996204e-08,2.0150826321996204e-08,2.0150826321996204e-08,2.0150826321996204e-08,2.0150826321996204e-08,2.0150826321996204e-08,2.5888215323864882e-05
33,2018-03-06 11:46:16,2.5834244369737564e-05,2.5834244369737564e-05,2.5834244369737564e-05,2.5381990924438814e-05,2.6413539312111987e-05,-2.976038885399885e-08,-2.976038885399885e-08,-2.976038885399885e-08,6.965357621873787e-08,6.965357621873787e-08,6.965357621873787e-08,3.9893187364739007e-08,3.9893187364739007e-08,3.9893187364739007e-08,3.9893187364739007e-08,3.9893187364739007e-08,3.9893187364739007e-08,2.5874137557102302e-05
34,2018-03-06 12:25:06,2.5810050050490894e-05,2.5810050050490894e-05,2.5810050050490894e-05,2.5198308154013247e-05,2.622278672937813e-05,1.951588238978354e-09,1.951588238978354e-09,1.951588238978354e-09,-1.2995018929738416e-07,-1.2995018929738416e-07,-1.2995018929738416e-07,-1.279986010584058e-07,-1.279986010584058e-07,-1.279986010584058e-07,-1.279986010584058e-07,-1.279986010584058e-07,-1.279986010584058e-07,2.568205144943249e-05
35,2018-03-06 13:33:01,2.5767735951379234e-05,2.5767735951379234e-05,2.5767735951379234e-05,2.5243887534239064e-05,2.6260279460804208e-05,2.855463606039426e-09,2.855463606039426e-09,2.855463606039426e-09,-1.2046407688481355e-08,-1.2046407688481355e-08,-1.2046407688481355e-08,-9.190944082441928e-09,-9.190944082441928e-09,-9.190944082441928e-09,-9.190944082441928e-09,-9.190944082441928e-09,-9.190944082441928e-09,2.5758545007296793e-05
36,2018-03-06 14:52:37,2.5718142788837567e-05,2.5718142788837567e-05,2.5718142788837567e-05,2.529585130403378e-05,2.6303993582766483e-05,3.2179674147490574e-08,3.2179674147490574e-08,3.2179674147490574e-08,1.559238566281193e-08,1.559238566281193e-08,1.559238566281193e-08,4.7772059810302483e-08,4.7772059810302483e-08,4.7772059810302483e-08,4.7772059810302483e-08,4.7772059810302483e-08,4.7772059810302483e-08,2.576591484864787e-05
37,2018-03-06 16:26:52,2.5659422241481382e-05,2.5659422241481382e-05,2.5659422241481382e-05,2.5311664332998086e-05,2.6370685833985672e-05,2.1213692507737816e-07,2.1213692507737816e-07,2.1213692507737816e-07,-1.9338299568294687e-08,-1.9338299568294687e-08,-1.9338299568294687e-08,1.9279862550908347e-07,1.9279862550908347e-07,1.9279862550908347e-07,1.9279862550908347e-07,1.9279862550908347e-07,1.9279862550908347e-07,2.5852220866990467e-05
38,2018-03-06 18:59:15,2.556448290205121e-05,2.556448290205121e-05,2.556448290205121e-05,2.530945807174705e-05,2.628193096932264e-05,1.8919923383374858e-07,1.8919923383374858e-07,1.8919923383374858e-07,4.278720773100646e-08,4.278720773100646e-08,4.278720773100646e-08,2.31986441564755e-07,2.31986441564755e-07,2.31986441564755e-07,2.31986441564755e-07,2.31986441564755e-07,2.31986441564755e-07,2.5796469343615965e-05
39,2018-03-07 00:52:46,2.5235516685370488e-05,2.5235516685370488e-05,2.5235516685370488e-05,2.4243282771843052e-05,2.5286339625204528e-05,-3.570122027225498e-07,-3.570122027225498e-07,-3.570122027225498e-07,-1.0949759372054217e-07,-1.0949759372054217e-07,-1.0949759372054217e-07,-4.665097964430919e-07,-4.665097964430919e-07,-4.665097964430919e-07,-4.665097964430919e-07,-4.665097964430919e-07,-4.665097964430919e-07,2.4769006888927396e-05
40,2018-03-07 02:36:44,2.5138770126525813e-05,2.5138770126525813e-05,2.5138770126525813e-05,2.4564102303400137e-05,2.5544634408671563e-05,-9.4460784903115e-09,-9.4460784903115e-09,-9.4460784903115e-09,-1.0038732125045077e-07,-1.0038732125045077e-07,-1.0038732125045077e-07,-1.0983339974076227e-07,-1.0983339974076227e-07,-1.0983339974076227e-07,-1.0983339974076227e-07,-1.0983339974076227e-07,-1.0983339974076227e-07,2.5028936726785052e-05
41,2018-03-07 03:13:42,2.5104370660748726e-05,2.5104370660748726e-05,2.5104370660748726e-05,2.475330923119912e-05,2.5758366286343568e-05,6.185201977699344e-08,6.185201977699344e-08,6.185201977699344e-08,7.652795171469075e-08,7.652795171469075e-08,7.652795171469075e-08,1.3837997149168418e-07,1.3837997149168418e-07,1.3837997149168418e-07,1.3837997149168418e-07,1.3837997149168418e-07,1.3837997149168418e-07,2.524275063224041e-05
42,2018-03-07 04:27:14,2.5035943950645696e-05,2.5035943950645696e-05,2.5035943950645696e-05,2.4547799428172474e-05,2.5535079727028008e-05,3.888482772378584e-08,3.888482772378584e-08,3.888482772378584e-08,-3.600410462422206e-08,-3.600410462422206e-08,-3.600410462422206e-08,2.880723099563799e-09,2.880723099563799e-09,2.880723099563799e-09,2.880723099563799e-09,2.880723099563799e-09,2.880723099563799e-09,2.503882467374526e-05
43,2018-03-07 05:46:02,2.4962616324769194e-05,2.4962616324769194e-05,2.4962616324769194e-05,2.4374744069945493e-05,2.541804113305538e-05,-1.3657615644681467e-08,-1.3657615644681467e-08,-1.3657615644681467e-08,-6.383439218486804e-08,-6.383439218486804e-08,-6.383439218486804e-08,-7.749200782954953e-08,-7.749200782954953e-08,-7.749200782954953e-08,-7.749200782954953e-08,-7.749200782954953e-08,-7.749200782954953e-08,2.4885124316939643e-05
44,2018-03-07 06:50:01,2.4903076401812365e-05,2.4903076401812365e-05,2.4903076401812365e-05,2.445081370740245e-05,2.5410678781410784e-05,2.4279138141541872e-08,2.4279138141541872e-08,2.4279138141541872e-08,-1.3538762542582717e-08,-1.3538762542582717e-08,-1.3538762542582717e-08,1.0740375598959155e-08,1.0740375598959155e-08,1.0740375598959155e-08,1.0740375598959155e-08,1.0740375598959155e-08,1.0740375598959155e-08,2.4913816777411324e-05
45,2018-03-07 07:21:33,2.487373294408006e-05,2.487373294408006e-05,2.487373294408006e-05,2.4314085599084547e-05,2.5301827726646336e-05,4.043344030806661e-08,4.043344030806661e-08,4.043344030806661e-08,-9.952172066093159e-08,-9.952172066093159e-08,-9.952172066093159e-08,-5.9088280352864975e-08,-5.9088280352864975e-08,-5.9088280352864975e-08,-5.9088280352864975e-08,-5.9088280352864975e-08,-5.9088280352864975e-08,2.4814644663727196e-05
46,2018-03-07 08:07:09,2.483129899823097e-05,2.483129899823097e-05,2.483129899823097e-05,2.432980232359202e-05,2.5305533857956437e-05,2.6090350322873554e-08,2.6090350322873554e-08,2.6090350322873554e-08,-2.7919230773192368e-08,-2.7919230773192368e-08,-2.7919230773192368e-08,-1.8288804503188055e-09,-1.8288804503188055e-09,-1.8288804503188055e-09,-1.8288804503188055e-09,-1.8288804503188055e-09,-1.8288804503188055e-09,2.482947011778065e-05
47,2018-03-07 09:55:03,2.4730890604434546e-05,2.473089060443455e-05,2.473089060443455e-05,2.4214320184137432e-05,2.5207379504808016e-05,-1.0176717401482082e-07,-1.0176717401482082e-07,-1.0176717401482082e-07,1.065400724157004e-07,1.065400724157004e-07,1.065400724157004e-07,4.7728984008795435e-09,4.7728984008795435e-09,4.7728984008795435e-09,4.7728984008795435e-09,4.7728984008795435e-09,4.7728984008795435e-09,2.4735663502835424e-05
48,2018-03-07 10:41:55,2.4687277937867423e-05,2.4687277937867423e-05,2.4687277937867423e-05,2.4072318142529447e-05,2.50488793700443e-05,-9.729753610033668e-08,-9.729753610033668e-08,-9.729753610033668e-08,-2.2408134917672333e-08,-2.2408134917672333e-08,-2.2408134917672333e-08,-1.19705671018009e-07,-1.19705671018009e-07,-1.19705671018009e-07,-1.19705671018009e-07,-1.19705671018009e-07,-1.19705671018009e-07,2.4567572266849414e-05
49,2018-03-07 11:39:08,2.4634033882275344e-05,2.4634033882275344e-05,2.4634033882275344e-05,2.4072295875805216e-05,2.508903219384464e-05,-3.766755369179976e-08,-3.766755369179976e-08,-3.766755369179976e-08,-2.0789297210027213e-08,-2.0789297210027213e-08,-2.0789297210027213e-08,-5.845685090182696e-08,-5.845685090182696e-08,-5.845685090182696e-08,-5.845685090182696e-08,-5.845685090182696e-08,-5.845685090182696e-08,2.4575577031373517e-05
50,2018-03-07 12:55:11,2.4563264110744127e-05,2.4563264110744127e-05,2.4563264110744127e-05,2.4057991247060345e-05,2.504165753505603e-05,9.042513286520322e-09,9.042513286520322e-09,9.042513286520322e-09,-2.772576945591947e-08,-2.772576945591947e-08,-2.772576945591947e-08,-1.8683256169399146e-08,-1.8683256169399146e-08,-1.8683256169399146e-08,-1.8683256169399146e-08,-1.8683256169399146e-08,-1.8683256169399146e-08,2.454458085457473e-05
51,2018-03-07 13:56:28,2.4506235741267845e-05,2.4506235741267845e-05,2.4506235741267845e-05,2.4077418368497083e-05,2.506851260698781e-05,-3.358885741108349e-10,-3.358885741108349e-10,-3.358885741108349e-10,6.104582492492377e-08,6.104582492492377e-08,6.104582492492377e-08,6.07099363508129e-08,6.07099363508129e-08,6.07099363508129e-08,6.07099363508129e-08,6.07099363508129e-08,6.07099363508129e-08,2.4566945677618657e-05
52,2018-03-07 14:53:14,2.445341044464368e-05,2.445341044464368e-05,2.445341044464368e-05,2.4030173534427197e-05,2.5060917367596743e-05,3.296659790273344e-08,3.296659790273344e-08,3.296659790273344e-08,3.4716014798569126e-08,3.4716014798569126e-08,3.4716014798569126e-08,6.768261270130255e-08,6.768261270130255e-08,6.768261270130255e-08,6.768261270130255e-08,6.768261270130255e-08,6.768261270130255e-08,2.4521093057344983e-05
53,2018-03-07 15:41:11,2.4408789664142294e-05,2.440878966414229e-05,2.440878966414229e-05,2.410386588814324e-05,2.5137642839727013e-05,1.1830533060770481e-07,1.1830533060770481e-07,1.1830533060770481e-07,1.009894616456184e-07,1.009894616456184e-07,1.009894616456184e-07,2.1929479225332322e-07,2.1929479225332322e-07,2.1929479225332322e-07,2.1929479225332322e-07,2.1929479225332322e-07,2.1929479225332322e-07,2.4628084456395618e-05
54,2018-03-07 16:34:01,2.435962460533472e-05,2.435962460533472e-05,2.435962460533472e-05,2.4145776920308734e-05,2.5156377825099025e-05,2.2430029525097123e-07,2.2430029525097123e-07,2.2430029525097123e-07,6.421215010175633e-08,6.421215010175633e-08,6.421215010175633e-08,2.885124453527275e-07,2.885124453527275e-07,2.885124453527275e-07,2.885124453527275e-07,2.885124453527275e-07,2.885124453527275e-07,2.4648137050687448e-05
55,2018-03-07 17:49:34,2.4289320122188114e-05,2.4289320122188114e-05,2.4289320122188114e-05,2.415296841051699e-05,2.5184140174776037e-05,2.6232875231890814e-07,2.6232875231890814e-07,2.6232875231890814e-07,1.0460865340491304e-07,1.0460865340491304e-07,1.0460865340491304e-07,3.669374057238212e-07,3.669374057238212e-07,3.669374057238212e-07,3.669374057238212e-07,3.669374057238212e-07,3.669374057238212e-07,2.4656257527911935e-05
56,2018-03-07 18:23:01,2.4258192591264832e-05,2.4258192591264832e-05,2.4258192591264832e-05,2.3981025236579604e-05,2.4949834172265172e-05,2.314429333290485e-07,2.314429333290485e-07,2.314429333290485e-07,-2.3221187484812645e-08,-2.3221187484812645e-08,-2.3221187484812645e-08,2.0822174584423583e-07,2.0822174584423583e-07,2.0822174584423583e-07,2.0822174584423583e-07,2.0822174584423583e-07,2.0822174584423583e-07,2.446641433710907e-05
57,2018-03-07 19:15:36,2.4209260174691363e-05,2.4209260174691363e-05,2.4209260174691363e-05,2.3891288829139783e-05,2.4882015861675183e-05,1.72736442598009e-07,1.72736442598009e-07,1.72736442598009e-07,-4.297636089749078e-09,-4.297636089749078e-09,-4.297636089749078e-09,1.6843880650825992e-07,1.6843880650825992e-07,1.6843880650825992e-07,1.6843880650825992e-07,1.6843880650825992e-07,1.6843880650825992e-07,2.4377698981199622e-05
58,2018-03-07 20:59:38,2.4112449986339032e-05,2.4112449986339032e-05,2.4112449986339032e-05,2.3699128933838373e-05,2.4714488012468666e-05,1.1111278215444688e-07,1.1111278215444688e-07,1.1111278215444688e-07,4.0578090208660667e-10,4.0578090208660667e-10,4.0578090208660667e-10,1.1151856305653348e-07,1.1151856305653348e-07,1.1151856305653348e-07,1.1151856305653348e-07,1.1151856305653348e-07,1.1151856305653348e-07,2.4223968549395564e-05
59,2018-03-07 21:44:08,2.4071039675719382e-05,2.4071039675719382e-05,2.4071039675719382e-05,2.3535458818170696e-05,2.453153524444054e-05,3.548325544652555e-08,3.548325544652555e-08,3.548325544652555e-08,-4.0829056426794914e-08,-4.0829056426794914e-08,-4.0829056426794914e-08,-5.345800980269349e-09,-5.345800980269349e-09,-5.345800980269349e-09,-5.345800980269349e-09,-5.345800980269349e-09,-5.345800980269349e-09,2.4065693874739114e-05
60,2018-03-07 22:57:13,2.4003030607529434e-05,2.4003030607529434e-05,2.4003030607529434e-05,2.3159672966737064e-05,2.4146437274556573e-05,-2.1227814980857662e-07,-2.1227814980857662e-07,-2.1227814980857662e-07,-9.923918334559813e-08,-9.923918334559813e-08,-9.923918334559813e-08,-3.1151733315417475e-07,-3.1151733315417475e-07,-3.1151733315417475e-07,-3.1151733315417475e-07,-3.1151733315417475e-07,-3.1151733315417475e-07,2.369151327437526e-05
61,2018-03-07 23:01:24,2.3999137728141593e-05,2.3999137728141593e-05,2.3999137728141593e-05,2.313539291279775e-05,2.4166142838944606e-05,-2.2774408075117608e-07,-2.2774408075117608e-07,-2.2774408075117608e-07,-1.0255930563554632e-07,-1.0255930563554632e-07,-1.0255930563554632e-07,-3.303033863867224e-07,-3.303033863867224e-07,-3.303033863867224e-07,-3.303033863867224e-07,-3.303033863867224e-07,-3.303033863867224e-07,2.3668834341754873e-05
62,2018-03-08 00:57:13,2.3891362354173077e-05,2.3891362354173077e-05,2.3891362354173077e-05,2.2999248694310863e-05,2.4007240379556567e-05,-3.46936455381004e-07,-3.46936455381004e-07,-3.46936455381004e-07,-8.647216003353219e-08,-8.647216003353219e-08,-8.647216003353219e-08,-4.334086154145362e-07,-4.334086154145362e-07,-4.334086154145362e-07,-4.334086154145362e-07,-4.334086154145362e-07,-4.334086154145362e-07,2.345795373875854e-05
63,2018-03-08 01:33:46,2.3857350065338285e-05,2.3857350065338285e-05,2.3857350065338285e-05,2.3100421994201213e-05,2.41522902908147e-05,-2.3214191782469301e-07,-2.3214191782469301e-07,-2.3214191782469301e-07,-3.198991869541088e-09,-3.198991869541088e-09,-3.198991869541088e-09,-2.353409096942341e-07,-2.353409096942341e-07,-2.353409096942341e-07,-2.353409096942341e-07,-2.353409096942341e-07,-2.353409096942341e-07,2.3622009155644052e-05
64,2018-03-08 03:02:19,2.377494820004907e-05,2.377494820004907e-05,2.377494820004907e-05,2.327993261837929e-05,2.4268801925033816e-05,4.677035649061776e-08,4.677035649061776e-08,4.677035649061776e-08,-2.2791648588373097e-08,-2.2791648588373097e-08,-2.2791648588373097e-08,2.3978707902244648e-08,2.3978707902244648e-08,2.3978707902244648e-08,2.3978707902244648e-08,2.3978707902244648e-08,2.3978707902244648e-08,2.3798926907951314e-05
65,2018-03-08 04:57:08,2.3668103386085948e-05,2.3668103386085948e-05,2.3668103386085948e-05,2.3152022593035486e-05,2.420747925593829e-05,7.017273804727401e-09,7.017273804727401e-09,7.017273804727401e-09,-2.3537270498159715e-08,-2.3537270498159715e-08,-2.3537270498159715e-08,-1.65199966934323e-08,-1.65199966934323e-08,-1.65199966934323e-08,-1.65199966934323e-08,-1.65199966934323e-08,-1.65199966934323e-08,2.3651583389392517e-05
66,2018-03-08 06:38:46,2.357352657151966e-05,2.357352657151966e-05,2.357352657151966e-05,2.2975036309263033e-05,2.397749612698814e-05,1.584466645956136e-08,1.584466645956136e-08,1.584466645956136e-08,-1.1902930894865429e-07,-1.1902930894865429e-07,-1.1902930894865429e-07,-1.0318464248909294e-07,-1.0318464248909294e-07,-1.0318464248909294e-07,-1.0318464248909294e-07,-1.0318464248909294e-07,-1.0318464248909294e-07,2.3470341929030568e-05
67,2018-03-08 07:54:44,2.3502834357548996e-05,2.3502834357548996e-05,2.3502834357548996e-05,2.3100083035478977e-05,2.4114177643369358e-05,3.5070918681254316e-08,3.5070918681254316e-08,3.5070918681254316e-08,4.423192918383543e-08,4.423192918383543e-08,4.423192918383543e-08,7.930284786508975e-08,7.930284786508975e-08,7.930284786508975e-08,7.930284786508975e-08,7.930284786508975e-08,7.930284786508975e-08,2.3582137205414086e-05
68,2018-03-08 09:13:10,2.3429846740404204e-05,2.3429846740404204e-05,2.3429846740404204e-05,2.289573167469361e-05,2.388869588203473e-05,-5.978983308537326e-08,-5.978983308537326e-08,-5.978983308537326e-08,5.994846332775621e-08,5.994846332775621e-08,5.994846332775621e-08,1.5863024238296448e-10,1.5863024238296448e-10,1.5863024238296448e-10,1.5863024238296448e-10,1.5863024238296448e-10,1.5863024238296448e-10,2.3430005370646586e-05
69,2018-03-08 10:59:03,2.3331315008206827e-05,2.3331315008206827e-05,2.3331315008206827e-05,2.2714175866988168e-05,2.3737765771402388e-05,-8.28545257757521e-08,-8.28545257757521e-08,-8.28545257757521e-08,-2.746266685527641e-08,-2.746266685527641e-08,-2.746266685527641e-08,-1.1031719263102851e-07,-1.1031719263102851e-07,-1.1031719263102851e-07,-1.1031719263102851e-07,-1.1031719263102851e-07,-1.1031719263102851e-07,2.32209978155758e-05
70,2018-03-08 11:47:48,2.3285949776556063e-05,2.3285949776556063e-05,2.3285949776556063e-05,2.289784257673418e-05,2.3860907104997607e-05,-2.8117326083374758e-08,-2.8117326083374758e-08,-2.8117326083374758e-08,9.75782282753666e-08,9.75782282753666e-08,9.75782282753666e-08,6.946090219199184e-08,6.946090219199184e-08,6.946090219199184e-08,6.946090219199184e-08,6.946090219199184e-08,6.946090219199184e-08,2.3355410678748054e-05
71,2018-03-08 12:27:58,2.324857195297626e-05,2.324857195297626e-05,2.324857195297626e-05,2.2659358225754393e-05,2.363500272680807e-05,3.3015222186819207e-09,3.3015222186819207e-09,3.3015222186819207e-09,-9.8386419133713e-08,-9.8386419133713e-08,-9.8386419133713e-08,-9.508489691503109e-08,-9.508489691503109e-08,-9.508489691503109e-08,-9.508489691503109e-08,-9.508489691503109e-08,-9.508489691503109e-08,2.315348705606123e-05
72,2018-03-08 14:43:12,2.3122728110434158e-05,2.3122728110434158e-05,2.3122728110434158e-05,2.273129603835902e-05,2.3726086964834164e-05,2.1369409937913437e-08,2.1369409937913437e-08,2.1369409937913437e-08,1.0525568169065279e-07,1.0525568169065279e-07,1.0525568169065279e-07,1.2662509162856629e-07,1.2662509162856629e-07,1.2662509162856629e-07,1.2662509162856629e-07,1.2662509162856629e-07,1.2662509162856629e-07,2.3249353202062724e-05
73,2018-03-08 15:10:02,2.309775786314641e-05,2.309775786314641e-05,2.309775786314641e-05,2.275905171727923e-05,2.3714310771184242e-05,5.793140271918576e-08,5.793140271918576e-08,5.793140271918576e-08,7.681358199554512e-08,7.681358199554512e-08,7.681358199554512e-08,1.3474498471473085e-07,1.3474498471473085e-07,1.3474498471473085e-07,1.3474498471473085e-07,1.3474498471473085e-07,1.3474498471473085e-07,2.3232502847861143e-05
74,2018-03-08 16:23:55,2.3029004381018093e-05,2.3029004381018097e-05,2.3029004381018097e-05,2.2739602438166763e-05,2.3740678850142755e-05,2.068020791411427e-07,2.068020791411427e-07,2.068020791411427e-07,-1.6895974048687113e-09,-1.6895974048687113e-09,-1.6895974048687113e-09,2.0511248173627398e-07,2.0511248173627398e-07,2.0511248173627398e-07,2.0511248173627398e-07,2.0511248173627398e-07,2.0511248173627398e-07,2.323411686275437e-05
75,2018-03-08 17:48:25,2.295037136626723e-05,2.2950371366267228e-05,2.2950371366267228e-05,2.278649826561967e-05,2.3808784295496362e-05,2.630150414283822e-07,2.630150414283822e-07,2.630150414283822e-07,9.823578481104976e-08,9.823578481104976e-08,9.823578481104976e-08,3.6125082623943193e-07,3.6125082623943193e-07,3.6125082623943193e-07,3.6125082623943193e-07,3.6125082623943193e-07,3.6125082623943193e-07,2.3311622192506664e-05
76,2018-03-08 18:39:55,2.2902447102839196e-05,2.2902447102839196e-05,2.2902447102839196e-05,2.2593713459939977e-05,2.357510363393019e-05,2.1150837866716787e-07,2.1150837866716787e-07,2.1150837866716787e-07,-2.7866422944124928e-08,-2.7866422944124928e-08,-2.7866422944124928e-08,1.8364195572304301e-07,1.8364195572304301e-07,1.8364195572304301e-07,1.8364195572304301e-07,1.8364195572304301e-07,1.8364195572304301e-07,2.308608905856224e-05
77,2018-03-08 19:56:54,2.2830808859222975e-05,2.2830808859222975e-05,2.2830808859222975e-05,2.2519667571997077e-05,2.3507671664113857e-05,1.454923487993723e-07,1.454923487993723e-07,1.454923487993723e-07,4.4669888263487425e-08,4.4669888263487425e-08,4.4669888263487425e-08,1.9016223706285968e-07,1.9016223706285968e-07,1.9016223706285968e-07,1.9016223706285968e-07,1.9016223706285968e-07,1.9016223706285968e-07,2.3020971096285836e-05
78,2018-03-08 20:47:25,2.2799614698476202e-05,2.2799614698476202e-05,2.2799614698476202e-05,2.2321603740491552e-05,2.333010894489471e-05,1.2162792809391662e-07,1.2162792809391662e-07,1.2162792809391662e-07,-8.019371290770671e-08,-8.019371290770671e-08,-8.019371290770671e-08,4.143421518620992e-08,4.143421518620992e-08,4.143421518620992e-08,4.143421518620992e-08,4.143421518620992e-08,4.143421518620992e-08,2.284104891366241e-05
79,2018-03-08 21:21:34,2.2778526992976317e-05,2.2778526992976317e-05,2.2778526992976317e-05,2.2421511111691207e-05,2.343629169939527e-05,8.207724283530627e-08,8.207724283530627e-08,8.207724283530627e-08,5.411689645769674e-08,5.411689645769674e-08,5.411689645769674e-08,1.36194139293003e-07,1.36194139293003e-07,1.36194139293003e-07,1.36194139293003e-07,1.36194139293003e-07,1.36194139293003e-07,2.291472113226932e-05
80,2018-03-08 23:18:48,2.270613513329541e-05,2.270613513329541e-05,2.270613513329541e-05,2.1988348737909488e-05,2.3020381827519648e-05,-2.882394638191851e-07,-2.882394638191851e-07,-2.882394638191851e-07,9.4657661890811e-08,9.4657661890811e-08,9.4657661890811e-08,-1.935818019283741e-07,-1.935818019283741e-07,-1.935818019283741e-07,-1.935818019283741e-07,-1.935818019283741e-07,-1.935818019283741e-07,2.2512553331367038e-05
81,2018-03-09 00:55:27,2.2646453530467782e-05,2.2646453530467786e-05,2.2646453530467786e-05,2.1709608576959397e-05,2.264336604360595e-05,-3.5106303186016075e-07,-3.5106303186016075e-07,-3.5106303186016075e-07,-1.2531688922765276e-07,-1.2531688922765276e-07,-1.2531688922765276e-07,-4.7637992108781345e-07,-4.7637992108781345e-07,-4.7637992108781345e-07,-4.7637992108781345e-07,-4.7637992108781345e-07,-4.7637992108781345e-07,2.2170073609379967e-05
82,2018-03-09 01:41:24,2.2618079297152418e-05,2.2618079297152418e-05,2.2618079297152418e-05,2.194701808028544e-05,2.2923937461417316e-05,-2.0357403244949005e-07,-2.0357403244949005e-07,-2.0357403244949005e-07,-2.6647944274523254e-09,-2.6647944274523254e-09,-2.6647944274523254e-09,-2.0623882687694242e-07,-2.0623882687694242e-07,-2.0623882687694242e-07,-2.0623882687694242e-07,-2.0623882687694242e-07,-2.0623882687694242e-07,2.2411840470275475e-05
83,2018-03-09 03:52:00,2.2537433489296353e-05,2.2537433489296353e-05,2.2537433489296353e-05,2.2087864428621877e-05,2.3039492759649254e-05,7.016575988454337e-08,7.016575988454337e-08,7.016575988454337e-08,-3.404156446916444e-08,-3.404156446916444e-08,-3.404156446916444e-08,3.612419541537895e-08,3.612419541537895e-08,3.612419541537895e-08,3.612419541537895e-08,3.612419541537895e-08,3.612419541537895e-08,2.2573557684711733e-05
84,2018-03-09 04:59:38,2.2530048048085096e-05,2.25300480480851e-05,2.25300480480851e-05,2.2051471253311902e-05,2.3026324287584486e-05,4.759034864678386e-09,4.759034864678386e-09,4.759034864678386e-09,-2.4128994722540466e-09,-2.4128994722540466e-09,-2.4128994722540466e-09,2.3461353924243504e-09,2.3461353924243504e-09,2.3461353924243504e-09,2.3461353924243504e-09,2.3461353924243504e-09,2.3461353924243504e-09,2.253239418347752e-05
85,2018-03-09 05:53:02,2.252421686187492e-05,2.252421686187492e-05,2.252421686187492e-05,2.202045842815552e-05,2.2984081748330533e-05,-1.2181828065228164e-08,-1.2181828065228164e-08,-1.2181828065228164e-08,-1.7891614717555612e-08,-1.7891614717555612e-08,-1.7891614717555612e-08,-3.007344278278378e-08,-3.007344278278378e-08,-3.007344278278378e-08,-3.007344278278378e-08,-3.007344278278378e-08,-3.007344278278378e-08,2.2494143419092136e-05
86,2018-03-09 07:56:34,2.25107272388444e-05,2.25107272388444e-05,2.25107272388444e-05,2.2161540884025706e-05,2.3141631622765874e-05,3.397744191527967e-08,3.397744191527967e-08,3.397744191527967e-08,8.381802176883685e-08,8.381802176883685e-08,8.381802176883685e-08,1.1779546368411651e-07,1.1779546368411651e-07,1.1779546368411651e-07,1.1779546368411651e-07,1.1779546368411651e-07,1.1779546368411651e-07,2.262852270252852e-05
87,2018-03-09 08:29:06,2.2507174655984774e-05,2.2507174655984774e-05,2.2507174655984774e-05,2.2081509302804026e-05,2.305442823313615e-05,2.2514240353655807e-09,2.2514240353655807e-09,2.2514240353655807e-09,6.587588180619298e-08,6.587588180619298e-08,6.587588180619298e-08,6.812730584155854e-08,6.812730584155854e-08,6.812730584155854e-08,6.812730584155854e-08,6.812730584155854e-08,6.812730584155854e-08,2.2575301961826332e-05
88,2018-03-09 09:37:49,2.2499670916676242e-05,2.2499670916676242e-05,2.2499670916676242e-05,2.18636725285311e-05,2.2890691438346204e-05,-8.886407283987068e-08,-8.886407283987068e-08,-8.886407283987068e-08,-2.9305458015559556e-08,-2.9305458015559556e-08,-2.9305458015559556e-08,-1.1816953085543025e-07,-1.1816953085543025e-07,-1.1816953085543025e-07,-1.1816953085543025e-07,-1.1816953085543025e-07,-1.1816953085543025e-07,2.2381501385820812e-05
89,2018-03-09 10:44:26,2.2492396493679344e-05,2.2492396493679344e-05,2.2492396493679344e-05,2.185416500909719e-05,2.288037721430428e-05,-9.551757594349323e-08,-9.551757594349323e-08,-9.551757594349323e-08,-1.331521099606837e-08,-1.331521099606837e-08,-1.331521099606837e-08,-1.0883278693956159e-07,-1.0883278693956159e-07,-1.0883278693956159e-07,-1.0883278693956159e-07,-1.0883278693956159e-07,-1.0883278693956159e-07,2.2383563706739784e-05
90,2018-03-09 11:39:55,2.2486337811128267e-05,2.2486337811128267e-05,2.2486337811128267e-05,2.1931940953280107e-05,2.296746020445113e-05,-3.678085854708395e-08,-3.678085854708395e-08,-3.678085854708395e-08,-2.339379627785345e-08,-2.339379627785345e-08,-2.339379627785345e-08,-6.01746548249374e-08,-6.01746548249374e-08,-6.01746548249374e-08,-6.01746548249374e-08,-6.01746548249374e-08,-6.01746548249374e-08,2.242616315630333e-05
91,2018-03-09 12:55:45,2.2501765091472202e-05,2.2501765091472202e-05,2.2501765091472202e-05,2.201472993559438e-05,2.2984034935605938e-05,9.039341613769042e-09,9.039341613769042e-09,9.039341613769042e-09,-2.216116738148126e-08,-2.216116738148126e-08,-2.216116738148126e-08,-1.3121825767712215e-08,-1.3121825767712215e-08,-1.3121825767712215e-08,-1.3121825767712215e-08,-1.3121825767712215e-08,-1.3121825767712215e-08,2.248864326570449e-05
92,2018-03-09 14:56:21,2.2526299553135654e-05,2.2526299553135654e-05,2.2526299553135654e-05,2.2172210767666582e-05,2.3205643918171187e-05,3.708929306361738e-08,3.708929306361738e-08,3.708929306361738e-08,1.0491879598906241e-07,1.0491879598906241e-07,1.0491879598906241e-07,1.4200808905267983e-07,1.4200808905267983e-07,1.4200808905267983e-07,1.4200808905267983e-07,1.4200808905267983e-07,1.4200808905267983e-07,2.2668307642188333e-05
93,2018-03-09 15:54:30,2.253812939514005e-05,2.253812939514005e-05,2.253812939514005e-05,2.2301193073506434e-05,2.3261921343664488e-05,1.4687881893773377e-07,1.4687881893773377e-07,1.4687881893773377e-07,1.0384278292711976e-07,1.0384278292711976e-07,1.0384278292711976e-07,2.507216018648535e-07,2.507216018648535e-07,2.507216018648535e-07,2.507216018648535e-07,2.507216018648535e-07,2.507216018648535e-07,2.2788850997004902e-05
94,2018-03-09 16:45:28,2.2548497883775598e-05,2.2548497883775598e-05,2.2548497883775598e-05,2.2240483394228912e-05,2.3235894331242625e-05,2.41175146968834e-07,2.41175146968834e-07,2.41175146968834e-07,-2.8336870998131703e-08,-2.8336870998131703e-08,-2.8336870998131703e-08,2.1283827597070239e-07,2.1283827597070239e-07,2.1283827597070239e-07,2.1283827597070239e-07,2.1283827597070239e-07,2.1283827597070239e-07,2.27613361597463e-05
95,2018-03-09 17:52:04,2.2562046765589744e-05,2.2562046765589744e-05,2.2562046765589744e-05,2.235043171427613e-05,2.3349051094796874e-05,2.6072869568761707e-07,2.6072869568761707e-07,2.6072869568761707e-07,3.9285838733642195e-08,3.9285838733642195e-08,3.9285838733642195e-08,3.0001453442125927e-07,3.0001453442125927e-07,3.0001453442125927e-07,3.0001453442125927e-07,3.0001453442125927e-07,3.0001453442125927e-07,2.2862061300011005e-05
96,2018-03-09 18:06:09,2.2564911831939333e-05,2.2564911831939333e-05,2.2564911831939333e-05,2.2351790043062665e-05,2.334237865563002e-05,2.4925535329364136e-07,2.4925535329364136e-07,2.4925535329364136e-07,2.988153887928591e-08,2.988153887928591e-08,2.988153887928591e-08,2.791368921729273e-07,2.791368921729273e-07,2.791368921729273e-07,2.791368921729273e-07,2.791368921729273e-07,2.791368921729273e-07,2.284404872411226e-05
97,2018-03-09 19:39:47,2.258434156161954e-05,2.258434156161954e-05,2.258434156161954e-05,2.2220846207521444e-05,2.3257890038078247e-05,1.5437977573834866e-07,1.5437977573834866e-07,1.5437977573834866e-07,-6.707639489768418e-09,-6.707639489768418e-09,-6.707639489768418e-09,1.4767213624858023e-07,1.4767213624858023e-07,1.4767213624858023e-07,1.4767213624858023e-07,1.4767213624858023e-07,1.4767213624858023e-07,2.273201369786812e-05
98,2018-03-09 21:34:33,2.2608156641466082e-05,2.2608156641466082e-05,2.2608156641466082e-05,2.22131502608552e-05,2.3150699798826743e-05,5.74712970689578e-08,5.74712970689578e-08,5.74712970689578e-08,-1.5749782804824447e-08,-1.5749782804824447e-08,-1.5749782804824447e-08,4.1721514264133346e-08,4.1721514264133346e-08,4.1721514264133346e-08,4.1721514264133346e-08,4.1721514264133346e-08,4.1721514264133346e-08,2.2649878155730214e-05
99,2018-03-09 22:41:02,2.2621952510404195e-05,2.2621952510404195e-05,2.2621952510404195e-05,2.1958017406727978e-05,2.2967182831695434e-05,-1.5113002125560434e-07,-1.5113002125560434e-07,-1.5113002125560434e-07,-6.486353753625397e-09,-6.486353753625397e-09,-6.486353753625397e-09,-1.5761637500922973e-07,-1.5761637500922973e-07,-1.5761637500922973e-07,-1.5761637500922973e-07,-1.5761637500922973e-07,-1.5761637500922973e-07,2.2464336135394967e-05
100,2018-03-10 03:50:14,2.268611419517229e-05,2.268611419517229e-05,2.268611419517229e-05,2.2177514896815165e-05,2.3172156043237655e-05,7.101060271422579e-08,7.101060271422579e-08,7.101060271422579e-08,-8.051341392817206e-08,-8.051341392817206e-08,-8.051341392817206e-08,-9.502811213946292e-09,-9.502811213946292e-09,-9.502811213946292e-09,-9.502811213946292e-09,-9.502811213946292e-09,-9.502811213946292e-09,2.2676611383958343e-05
101,2018-03-10 04:57:05,2.2699986150627484e-05,2.2699986150627484e-05,2.2699986150627484e-05,2.2190274554950073e-05,2.3221940261453834e-05,7.063434942884961e-09,7.063434942884961e-09,7.063434942884961e-09,-2.3571033646621167e-08,-2.3571033646621167e-08,-2.3571033646621167e-08,-1.6507598703736184e-08,-1.6507598703736184e-08,-1.6507598703736184e-08,-1.6507598703736184e-08,-1.6507598703736184e-08,-1.6507598703736184e-08,2.2683478551923748e-05
102,2018-03-10 05:12:03,2.2703091863915637e-05,2.2703091863915637e-05,2.2703091863915637e-05,2.2161125763586306e-05,2.3202586423632218e-05,-4.8105132199808574e-09,-4.8105132199808574e-09,-4.8105132199808574e-09,-6.9972167722129445e-09,-6.9972167722129445e-09,-6.9972167722129445e-09,-1.1807729992193828e-08,-1.1807729992193828e-08,-1.1807729992193828e-08,-1.1807729992193828e-08,-1.1807729992193828e-08,-1.1807729992193828e-08,2.2691284133923444e-05
103,2018-03-10 06:59:36,2.2725409436580448e-05,2.2725409436580448e-05,2.2725409436580448e-05,2.2378295585164853e-05,2.3352872854468268e-05,3.072215618725714e-08,3.072215618725714e-08,3.072215618725714e-08,9.465766193480306e-08,9.465766193480306e-08,9.465766193480306e-08,1.253798181220602e-07,1.253798181220602e-07,1.253798181220602e-07,1.253798181220602e-07,1.253798181220602e-07,1.253798181220602e-07,2.2850789254702507e-05
104,2018-03-10 07:32:31,2.2732239934955312e-05,2.2732239934955312e-05,2.2732239934955312e-05,2.22731812006292e-05,2.332415176724849e-05,4.163447608740639e-08,4.163447608740639e-08,4.163447608740639e-08,3.122866480285173e-08,3.122866480285173e-08,3.122866480285173e-08,7.286314089025811e-08,7.286314089025811e-08,7.286314089025811e-08,7.286314089025811e-08,7.286314089025811e-08,7.286314089025811e-08,2.280510307584557e-05
105,2018-03-10 08:59:46,2.275034507874894e-05,2.275034507874894e-05,2.275034507874894e-05,2.2282659393448773e-05,2.3254457195536205e-05,-4.084832826223246e-08,-4.084832826223246e-08,-4.084832826223246e-08,6.491173155699902e-08,6.491173155699902e-08,6.491173155699902e-08,2.4063403294766557e-08,2.4063403294766557e-08,2.4063403294766557e-08,2.4063403294766557e-08,2.4063403294766557e-08,2.4063403294766557e-08,2.2774408482043704e-05
106,2018-03-10 09:03:28,2.2751112861351076e-05,2.2751112861351076e-05,2.2751112861351076e-05,2.2145372956270917e-05,2.3150218598325978e-05,-4.618956071100031e-08,-4.618956071100031e-08,-4.618956071100031e-08,-2.4050162106353257e-08,-2.4050162106353257e-08,-2.4050162106353257e-08,-7.023972281735356e-08,-7.023972281735356e-08,-7.023972281735356e-08,-7.023972281735356e-08,-7.023972281735356e-08,-7.023972281735356e-08,2.2680873138533724e-05
107,2018-03-10 10:08:05,2.2764521389046952e-05,2.2764521389046952e-05,2.2764521389046952e-05,2.2251514562089753e-05,2.3273742328232676e-05,-1.0641336656368279e-07,-1.0641336656368279e-07,-1.0641336656368279e-07,1.0351097340736117e-07,1.0351097340736117e-07,1.0351097340736117e-07,-2.902393156321624e-09,-2.902393156321624e-09,-2.902393156321624e-09,-2.902393156321624e-09,-2.902393156321624e-09,-2.902393156321624e-09,2.276161899589063e-05
108,2018-03-10 11:38:34,2.2783297477997403e-05,2.2783297477997403e-05,2.2783297477997403e-05,2.225474357392656e-05,2.3211579565014543e-05,-3.8311384482116114e-08,-3.8311384482116114e-08,-3.8311384482116114e-08,-1.745287999939575e-08,-1.745287999939575e-08,-1.745287999939575e-08,-5.576426448151187e-08,-5.576426448151187e-08,-5.576426448151187e-08,-5.576426448151187e-08,-5.576426448151187e-08,-5.576426448151187e-08,2.272753321351589e-05
109,2018-03-10 13:22:23,2.28048403510997e-05,2.28048403510997e-05,2.28048403510997e-05,2.2213640772569813e-05,2.3180567725360902e-05,5.2658229385173364e-09,5.2658229385173364e-09,5.2658229385173364e-09,-1.2629945283239138e-07,-1.2629945283239138e-07,-1.2629945283239138e-07,-1.2103362989387403e-07,-1.2103362989387403e-07,-1.2103362989387403e-07,-1.2103362989387403e-07,-1.2103362989387403e-07,-1.2103362989387403e-07,2.2683806721205824e-05
110,2018-03-10 14:05:16,2.2813739020618613e-05,2.2813739020618613e-05,2.2813739020618613e-05,2.2223471774151324e-05,2.3197809386246446e-05,2.1256396865960708e-10,2.1256396865960708e-10,2.1256396865960708e-10,-1.1378433879802152e-07,-1.1378433879802152e-07,-1.1378433879802152e-07,-1.1357177482936195e-07,-1.1357177482936195e-07,-1.1357177482936195e-07,-1.1357177482936195e-07,-1.1357177482936195e-07,-1.1357177482936195e-07,2.2700167245789252e-05
111,2018-03-10 15:56:04,2.283673099689601e-05,2.283673099689601e-05,2.283673099689601e-05,2.2553917921304958e-05,2.3529854627336766e-05,1.502471224904625e-07,1.502471224904625e-07,1.502471224904625e-07,7.084132475616234e-08,7.084132475616234e-08,7.084132475616234e-08,2.2108844724662485e-07,2.2108844724662485e-07,2.2108844724662485e-07,2.2108844724662485e-07,2.2108844724662485e-07,2.2108844724662485e-07,2.3057819444142634e-05
112,2018-03-10 16:28:20,2.284342661453636e-05,2.284342661453636e-05,2.284342661453636e-05,2.2547109830846975e-05,2.3545614066635318e-05,2.1472346532369216e-07,2.1472346532369216e-07,2.1472346532369216e-07,-2.3537270469957134e-08,-2.3537270469957134e-08,-2.3537270469957134e-08,1.9118619485373506e-07,1.9118619485373506e-07,1.9118619485373506e-07,1.9118619485373506e-07,1.9118619485373506e-07,1.9118619485373506e-07,2.3034612809390092e-05
113,2018-03-10 19:25:45,2.2880242136117717e-05,2.2880242136117717e-05,2.2880242136117717e-05,2.2609403318775218e-05,2.3617382681279563e-05,1.6411973408139042e-07,1.6411973408139042e-07,1.6411973408139042e-07,4.005646279892037e-08,4.005646279892037e-08,4.005646279892037e-08,2.0417619688031074e-07,2.0417619688031074e-07,2.0417619688031074e-07,2.0417619688031074e-07,2.0417619688031074e-07,2.0417619688031074e-07,2.3084418332998028e-05
114,2018-03-10 21:13:54,2.2902684214045517e-05,2.2902684214045517e-05,2.2902684214045517e-05,2.247904114406632e-05,2.3481821018597862e-05,9.390991000372058e-08,9.390991000372058e-08,9.390991000372058e-08,-1.2669350156089992e-08,-1.2669350156089992e-08,-1.2669350156089992e-08,8.124055984763059e-08,8.124055984763059e-08,8.124055984763059e-08,8.124055984763059e-08,8.124055984763059e-08,8.124055984763059e-08,2.2983924773893147e-05
115,2018-03-11 03:42:49,2.298338784918888e-05,2.298338784918888e-05,2.298338784918888e-05,2.2544600850688654e-05,2.354522615312825e-05,7.344305305068657e-08,7.344305305068657e-08,7.344305305068657e-08,1.156150050780681e-09,1.156150050780681e-09,1.156150050780681e-09,7.459920310146724e-08,7.459920310146724e-08,7.459920310146724e-08,7.459920310146724e-08,7.459920310146724e-08,7.459920310146724e-08,2.3057987052290345e-05
116,2018-03-11 07:55:06,2.3043965496465342e-05,2.3043965496465342e-05,2.3043965496465342e-05,2.2644223950488117e-05,2.3624819681961682e-05,3.4858844707213845e-08,3.4858844707213845e-08,3.4858844707213845e-08,5.2600763073684974e-08,5.2600763073684974e-08,5.2600763073684974e-08,8.74596077808988e-08,8.74596077808988e-08,8.74596077808988e-08,8.74596077808988e-08,8.74596077808988e-08,8.74596077808988e-08,2.313142510424624e-05
117,2018-03-11 08:57:24,2.305892481769937e-05,2.305892481769937e-05,2.305892481769937e-05,2.260169517785954e-05,2.3632914307201527e-05,-3.7409001700995505e-08,-3.7409001700995505e-08,-3.7409001700995505e-08,1.0691946341698403e-07,1.0691946341698403e-07,1.0691946341698403e-07,6.95104617159885e-08,6.95104617159885e-08,6.95104617159885e-08,6.95104617159885e-08,6.95104617159885e-08,6.95104617159885e-08,2.312843527941536e-05
118,2018-03-11 09:58:33,2.307360800379023e-05,2.307360800379023e-05,2.307360800379023e-05,2.2511722650498237e-05,2.3468086673035705e-05,-1.0346663265631935e-07,-1.0346663265631935e-07,-1.0346663265631935e-07,3.1986840816531505e-08,3.1986840816531505e-08,3.1986840816531505e-08,-7.147979183978784e-08,-7.147979183978784e-08,-7.147979183978784e-08,-7.147979183978784e-08,-7.147979183978784e-08,-7.147979183978784e-08,2.300212821195044e-05
119,2018-03-11 14:24:45,2.313752728649484e-05,2.313752728649484e-05,2.313752728649484e-05,2.2596598381627754e-05,2.3577966019740283e-05,6.803126844718744e-09,6.803126844718744e-09,6.803126844718744e-09,-5.5213789623978e-08,-5.5213789623978e-08,-5.5213789623978e-08,-4.841066277925926e-08,-4.841066277925926e-08,-4.841066277925926e-08,-4.841066277925926e-08,-4.841066277925926e-08,-4.841066277925926e-08,2.3089116623715583e-05
120,2018-03-11 15:55:16,2.3159261923632878e-05,2.3159261923632878e-05,2.3159261923632878e-05,2.2871628626279488e-05,2.3908829928641817e-05,1.485278423415304e-07,1.485278423415304e-07,1.485278423415304e-07,9.308354256751474e-08,9.308354256751474e-08,9.308354256751474e-08,2.416113849090452e-07,2.416113849090452e-07,2.416113849090452e-07,2.416113849090452e-07,2.416113849090452e-07,2.416113849090452e-07,2.3400873308541923e-05
121,2018-03-11 16:01:34,2.3160774663982387e-05,2.3160774663982384e-05,2.3160774663982384e-05,2.2701134391552643e-05,2.3706197837212896e-05,1.6200219362794968e-07,1.6200219362794968e-07,1.6200219362794968e-07,-1.26421747163579e-07,-1.26421747163579e-07,-1.26421747163579e-07,3.558044646437067e-08,3.558044646437067e-08,3.558044646437067e-08,3.558044646437067e-08,3.558044646437067e-08,3.558044646437067e-08,2.3196355110446758e-05
122,2018-03-11 17:39:34,2.318430618053029e-05,2.318430618053029e-05,2.318430618053029e-05,2.2956792707898145e-05,2.400342005650029e-05,2.6717458552513214e-07,2.6717458552513214e-07,2.6717458552513214e-07,2.5844543744114114e-08,2.5844543744114114e-08,2.5844543744114114e-08,2.930191292692463e-07,2.930191292692463e-07,2.930191292692463e-07,2.930191292692463e-07,2.930191292692463e-07,2.930191292692463e-07,2.3477325309799537e-05
123,2018-03-12 00:46:05,2.328839954622667e-05,2.328839954622667e-05,2.328839954622667e-05,2.24989771957692e-05,2.3503365373745726e-05,-3.700836479445891e-07,-3.700836479445891e-07,-3.700836479445891e-07,7.769998225643908e-08,7.769998225643908e-08,7.769998225643908e-08,-2.9238366568815004e-07,-2.9238366568815004e-07,-2.9238366568815004e-07,-2.9238366568815004e-07,-2.9238366568815004e-07,-2.9238366568815004e-07,2.299601588053852e-05
124,2018-03-12 08:56:27,2.340807579981266e-05,2.340807579981266e-05,2.340807579981266e-05,2.29658083547142e-05,2.3994125115935408e-05,-3.602554277309379e-08,-3.602554277309379e-08,-3.602554277309379e-08,1.0948861525360888e-07,1.0948861525360888e-07,1.0948861525360888e-07,7.346307248051506e-08,7.346307248051506e-08,7.346307248051506e-08,7.346307248051506e-08,7.346307248051506e-08,7.346307248051506e-08,2.3481538872293177e-05
125,2018-03-12 09:41:00,2.341894843341457e-05,2.341894843341457e-05,2.341894843341457e-05,2.285339442696853e-05,2.3835607903635018e-05,-9.178297742451907e-08,-9.178297742451907e-08,-9.178297742451907e-08,-2.3498345026168456e-09,-2.3498345026168456e-09,-2.3498345026168456e-09,-9.41328119271359e-08,-9.41328119271359e-08,-9.41328119271359e-08,-9.41328119271359e-08,-9.41328119271359e-08,-9.41328119271359e-08,2.3324815621487435e-05
126,2018-03-12 10:57:51,2.3437704031446144e-05,2.3437704031446144e-05,2.3437704031446144e-05,2.2848791717879866e-05,2.3834722874494935e-05,-8.402526897086922e-08,-8.402526897086922e-08,-8.402526897086922e-08,-1.1156459428214482e-08,-1.1156459428214482e-08,-1.1156459428214482e-08,-9.51817283990837e-08,-9.51817283990837e-08,-9.51817283990837e-08,-9.51817283990837e-08,-9.51817283990837e-08,-9.51817283990837e-08,2.334252230304706e-05
127,2018-03-12 11:33:31,2.344640864645104e-05,2.344640864645104e-05,2.344640864645104e-05,2.2898765382492807e-05,2.390532790774017e-05,-4.412374649776212e-08,-4.412374649776212e-08,-4.412374649776212e-08,-1.9671259829954488e-08,-1.9671259829954488e-08,-1.9671259829954488e-08,-6.37950063277166e-08,-6.37950063277166e-08,-6.37950063277166e-08,-6.37950063277166e-08,-6.37950063277166e-08,-6.37950063277166e-08,2.3382613640123324e-05
128,2018-03-12 12:05:15,2.345415331325913e-05,2.345415331325913e-05,2.345415331325913e-05,2.3054889050618216e-05,2.3982874093125085e-05,-1.1379517456574489e-08,-1.1379517456574489e-08,-1.1379517456574489e-08,8.374610279860266e-08,8.374610279860266e-08,8.374610279860266e-08,7.236658534202818e-08,7.236658534202818e-08,7.236658534202818e-08,7.236658534202818e-08,7.236658534202818e-08,7.236658534202818e-08,2.3526519898601158e-05
129,2018-03-12 13:54:14,2.3480751188573512e-05,2.3480751188573512e-05,2.3480751188573512e-05,2.294157644198989e-05,2.3952009251459398e-05,-2.8297980357821684e-10,-2.8297980357821684e-10,-2.8297980357821684e-10,-5.536998328782887e-09,-5.536998328782887e-09,-5.536998328782887e-09,-5.819978132361113e-09,-5.819978132361113e-09,-5.819978132361113e-09,-5.819978132361113e-09,-5.819978132361113e-09,-5.819978132361113e-09,2.347493121044115e-05
130,2018-03-12 15:28:12,2.3503684178483665e-05,2.3503684178483665e-05,2.3503684178483665e-05,2.3100954348160915e-05,2.407180989253366e-05,9.148701976142196e-08,9.148701976142196e-08,9.148701976142196e-08,-1.1921817556520349e-08,-1.1921817556520349e-08,-1.1921817556520349e-08,7.956520220490161e-08,7.956520220490161e-08,7.956520220490161e-08,7.956520220490161e-08,7.956520220490161e-08,7.956520220490161e-08,2.3583249380688566e-05
131,2018-03-12 16:51:17,2.3523961041680208e-05,2.3523961041680208e-05,2.3523961041680208e-05,2.338162733799163e-05,2.4362788233796324e-05,2.483641207825009e-07,2.483641207825009e-07,2.483641207825009e-07,1.0351097339857171e-07,1.0351097339857171e-07,1.0351097339857171e-07,3.5187509418107255e-07,3.5187509418107255e-07,3.5187509418107255e-07,3.5187509418107255e-07,3.5187509418107255e-07,3.5187509418107255e-07,2.387583613586128e-05
132,2018-03-12 17:32:04,2.353391439859935e-05,2.353391439859935e-05,2.353391439859935e-05,2.3387856916149074e-05,2.4402474372092125e-05,2.690187636905169e-07,2.690187636905169e-07,2.690187636905169e-07,7.388275588488791e-08,7.388275588488791e-08,7.388275588488791e-08,3.429015195754048e-07,3.429015195754048e-07,3.429015195754048e-07,3.429015195754048e-07,3.429015195754048e-07,3.429015195754048e-07,2.3876815918174756e-05
133,2018-03-12 18:59:01,2.3555134939280667e-05,2.3555134939280667e-05,2.3555134939280667e-05,2.3302560629440192e-05,2.4322521344883875e-05,1.89453975471632e-07,1.89453975471632e-07,1.89453975471632e-07,3.358790671397249e-08,3.358790671397249e-08,3.358790671397249e-08,2.230418821856045e-07,2.230418821856045e-07,2.230418821856045e-07,2.230418821856045e-07,2.230418821856045e-07,2.230418821856045e-07,2.377817682146627e-05
134,2018-03-12 19:56:58,2.3569277898826178e-05,2.3569277898826178e-05,2.3569277898826178e-05,2.3262842399814854e-05,2.423961390844136e-05,1.4546272657604122e-07,1.4546272657604122e-07,1.4546272657604122e-07,4.712803739649504e-08,4.712803739649504e-08,4.712803739649504e-08,1.9259076397253636e-07,1.9259076397253636e-07,1.9259076397253636e-07,1.9259076397253636e-07,1.9259076397253636e-07,1.9259076397253636e-07,2.3761868662798713e-05
135,2018-03-12 22:27:51,2.360597595346304e-05,2.360597595346304e-05,2.360597595346304e-05,2.3026586858398072e-05,2.3982766697065056e-05,-1.0181306432879828e-07,-1.0181306432879828e-07,-1.0181306432879828e-07,1.7953997575040496e-08,1.7953997575040496e-08,1.7953997575040496e-08,-8.385906675375778e-08,-8.385906675375778e-08,-8.385906675375778e-08,-8.385906675375778e-08,-8.385906675375778e-08,-8.385906675375778e-08,2.3522116886709282e-05
136,2018-03-13 02:39:14,2.366711775817836e-05,2.366711775817836e-05,2.366711775817836e-05,2.3175630712948375e-05,2.4160409131511634e-05,-2.666916338909728e-09,-2.666916338909728e-09,-2.666916338909728e-09,8.174126154864244e-09,8.174126154864244e-09,8.174126154864244e-09,5.507209815954514e-09,5.507209815954514e-09,5.507209815954514e-09,5.507209815954514e-09,5.507209815954514e-09,5.507209815954514e-09,2.3672624967994314e-05
137,2018-03-13 03:54:36,2.3685448543892256e-05,2.3685448543892256e-05,2.3685448543892256e-05,2.3272416834615568e-05,2.4252405174870896e-05,6.87514630404007e-08,6.87514630404007e-08,6.87514630404007e-08,-1.7706280630172463e-09,-1.7706280630172463e-09,-1.7706280630172463e-09,6.698083497738346e-08,6.698083497738346e-08,6.698083497738346e-08,6.698083497738346e-08,6.698083497738346e-08,6.698083497738346e-08,2.375242937886964e-05
138,2018-03-13 04:58:12,2.3700917424538922e-05,2.370091742453892e-05,2.370091742453892e-05,2.3173737655677057e-05,2.4150946162599892e-05,6.041675527635766e-09,6.041675527635766e-09,6.041675527635766e-09,-1.9229393566890755e-08,-1.9229393566890755e-08,-1.9229393566890755e-08,-1.3187718039254982e-08,-1.3187718039254982e-08,-1.3187718039254982e-08,-1.3187718039254982e-08,-1.3187718039254982e-08,-1.3187718039254982e-08,2.3687729706499667e-05
139,2018-03-13 07:11:25,2.373331856788504e-05,2.373331856788504e-05,2.373331856788504e-05,2.3295595155075392e-05,2.4293865024237447e-05,3.7013958636578357e-08,3.7013958636578357e-08,3.7013958636578357e-08,4.205634777921669e-09,4.205634777921669e-09,4.205634777921669e-09,4.121959341450003e-08,4.121959341450003e-08,4.121959341450003e-08,4.121959341450003e-08,4.121959341450003e-08,4.121959341450003e-08,2.377453816129954e-05
140,2018-03-13 08:37:40,2.3754296413101627e-05,2.3754296413101627e-05,2.3754296413101627e-05,2.3139049458191164e-05,2.4162365914728893e-05,-9.119493927467554e-09,-9.119493927467554e-09,-9.119493927467554e-09,-9.581153753495491e-08,-9.581153753495491e-08,-9.581153753495491e-08,-1.0493103146242247e-07,-1.0493103146242247e-07,-1.0493103146242247e-07,-1.0493103146242247e-07,-1.0493103146242247e-07,-1.0493103146242247e-07,2.3649365381639204e-05
141,2018-03-13 09:45:09,2.3770709803494282e-05,2.3770709803494282e-05,2.3770709803494282e-05,2.3172857890708435e-05,2.4137766099395503e-05,-9.523817925717868e-08,-9.523817925717868e-08,-9.523817925717868e-08,-2.3522828341830227e-08,-2.3522828341830227e-08,-2.3522828341830227e-08,-1.1876100759900891e-07,-1.1876100759900891e-07,-1.1876100759900891e-07,-1.1876100759900891e-07,-1.1876100759900891e-07,-1.1876100759900891e-07,2.3651948795895272e-05
142,2018-03-13 10:10:01,2.3771730631428693e-05,2.3771730631428693e-05,2.3771730631428693e-05,2.3289016742940713e-05,2.4245120094495477e-05,-1.0670688313665845e-07,-1.0670688313665845e-07,-1.0670688313665845e-07,8.46578050159184e-08,8.46578050159184e-08,8.46578050159184e-08,-2.2049078120740016e-08,-2.2049078120740016e-08,-2.2049078120740016e-08,-2.2049078120740016e-08,-2.2049078120740016e-08,-2.2049078120740016e-08,2.3749681553307954e-05
143,2018-03-13 11:55:33,2.37760629923407e-05,2.37760629923407e-05,2.37760629923407e-05,2.320916182262493e-05,2.4249539256009415e-05,-2.019814853455009e-08,-2.019814853455009e-08,-2.019814853455009e-08,-1.3102469561420112e-08,-1.3102469561420112e-08,-1.3102469561420112e-08,-3.33006180959702e-08,-3.33006180959702e-08,-3.33006180959702e-08,-3.33006180959702e-08,-3.33006180959702e-08,-3.33006180959702e-08,2.374276237424473e-05
144,2018-03-13 13:12:35,2.3779225369494094e-05,2.3779225369494094e-05,2.3779225369494094e-05,2.3273266285303953e-05,2.425870918627435e-05,7.287391390022376e-09,7.287391390022376e-09,7.287391390022376e-09,-3.4483794312181167e-09,-3.4483794312181167e-09,-3.4483794312181167e-09,3.839011958804259e-09,3.839011958804259e-09,3.839011958804259e-09,3.839011958804259e-09,3.839011958804259e-09,3.839011958804259e-09,2.37830643814529e-05
145,2018-03-13 14:02:38,2.3781280025182466e-05,2.3781280025182466e-05,2.3781280025182466e-05,2.3284929064344245e-05,2.424143615174192e-05,-8.786006541393163e-11,-8.786006541393163e-11,-8.786006541393163e-11,-6.4863536657377865e-09,-6.4863536657377865e-09,-6.4863536657377865e-09,-6.574213731151699e-09,-6.574213731151699e-09,-6.574213731151699e-09,-6.574213731151699e-09,-6.574213731151699e-09,-6.574213731151699e-09,2.3774705811451314e-05
146,2018-03-13 15:35:29,2.378509170911184e-05,2.378509170911184e-05,2.378509170911184e-05,2.3419324976033094e-05,2.4416460352790235e-05,1.0632944275960916e-07,1.0632944275960916e-07,1.0632944275960916e-07,4.3091335468089415e-08,4.3091335468089415e-08,4.3091335468089415e-08,1.494207782276986e-07,1.494207782276986e-07,1.494207782276986e-07,1.494207782276986e-07,1.494207782276986e-07,1.494207782276986e-07,2.3934512487339538e-05
147,2018-03-13 16:29:16,2.378729962583058e-05,2.3787299625830577e-05,2.3787299625830577e-05,2.34951294087483e-05,2.4449874088861315e-05,2.163457000108707e-07,2.163457000108707e-07,2.163457000108707e-07,-2.0154256385888155e-08,-2.0154256385888155e-08,-2.0154256385888155e-08,1.9619144362498255e-07,1.9619144362498255e-07,1.9619144362498255e-07,1.9619144362498255e-07,1.9619144362498255e-07,1.9619144362498255e-07,2.3983491069455564e-05
148,2018-03-13 18:44:59,2.3765662619297858e-05,2.3765662619297858e-05,2.3765662619297858e-05,2.356220850597951e-05,2.45509952994936e-05,2.054916806292318e-07,2.054916806292318e-07,2.054916806292318e-07,7.599196436991272e-08,7.599196436991272e-08,7.599196436991272e-08,2.814836449991445e-07,2.814836449991445e-07,2.814836449991445e-07,2.814836449991445e-07,2.814836449991445e-07,2.814836449991445e-07,2.4047146264297002e-05
149,2018-03-13 19:44:21,2.3756197923575205e-05,2.3756197923575205e-05,2.3756197923575205e-05,2.3523770128146566e-05,2.4487934790026755e-05,1.5172322957332695e-07,1.5172322957332695e-07,1.5172322957332695e-07,1.0491879600635794e-07,1.0491879600635794e-07,1.0491879600635794e-07,2.56642025579685e-07,2.56642025579685e-07,2.56642025579685e-07,2.56642025579685e-07,2.56642025579685e-07,2.56642025579685e-07,2.401283994915489e-05
150,2018-03-13 20:47:03,2.3746201801927642e-05,2.3746201801927642e-05,2.3746201801927642e-05,2.3283239604172556e-05,2.430350256143116e-05,1.2189351447074754e-07,1.2189351447074754e-07,1.2189351447074754e-07,-6.473513859479546e-08,-6.473513859479546e-08,-6.473513859479546e-08,5.7158375875952087e-08,5.7158375875952087e-08,5.7158375875952087e-08,5.7158375875952087e-08,5.7158375875952087e-08,5.7158375875952087e-08,2.3803360177803593e-05
151,2018-03-14 01:59:54,2.3696324821745193e-05,2.369632482174519e-05,2.369632482174519e-05,2.3089215646343337e-05,2.4095661969413738e-05,-1.3312178960813003e-07,-1.3312178960813003e-07,-1.3312178960813003e-07,-1.665234827870832e-09,-1.665234827870832e-09,-1.665234827870832e-09,-1.3478702443600085e-07,-1.3478702443600085e-07,-1.3478702443600085e-07,-1.3478702443600085e-07,-1.3478702443600085e-07,-1.3478702443600085e-07,2.3561537797309192e-05
152,2018-03-14 02:43:15,2.3689413627591738e-05,2.368941362759174e-05,2.368941362759174e-05,2.3288571684424868e-05,2.4250171094031825e-05,7.672922741867923e-09,7.672922741867923e-09,7.672922741867923e-09,7.202096303185345e-08,7.202096303185345e-08,7.202096303185345e-08,7.969388577372134e-08,7.969388577372134e-08,7.969388577372134e-08,7.969388577372134e-08,7.969388577372134e-08,7.969388577372134e-08,2.3769107513365458e-05
153,2018-03-14 04:57:42,2.366797856291048e-05,2.366797856291048e-05,2.366797856291048e-05,2.3157248962304442e-05,2.415783350189926e-05,6.496791256818116e-09,6.496791256818116e-09,6.496791256818116e-09,-2.2121504635937678e-08,-2.2121504635937678e-08,-2.2121504635937678e-08,-1.56247133791196e-08,-1.56247133791196e-08,-1.56247133791196e-08,-1.56247133791196e-08,-1.56247133791196e-08,-1.56247133791196e-08,2.365235384953136e-05
154,2018-03-14 05:21:21,2.3664208095973246e-05,2.3664208095973246e-05,2.3664208095973246e-05,2.326848317477061e-05,2.424134580244395e-05,-9.899103350724928e-09,-9.899103350724928e-09,-9.899103350724928e-09,9.883446319198363e-08,9.883446319198363e-08,9.883446319198363e-08,8.893535984125871e-08,8.893535984125871e-08,8.893535984125871e-08,8.893535984125871e-08,8.893535984125871e-08,8.893535984125871e-08,2.3753143455814503e-05
155,2018-03-14 06:59:59,2.3595413543975665e-05,2.3595413543975665e-05,2.3595413543975665e-05,2.324294581644667e-05,2.4177710039197715e-05,3.095846394565602e-08,3.095846394565602e-08,3.095846394565602e-08,1.000142115649967e-07,1.000142115649967e-07,1.000142115649967e-07,1.3097267551065271e-07,1.3097267551065271e-07,1.3097267551065271e-07,1.3097267551065271e-07,1.3097267551065271e-07,1.3097267551065271e-07,2.3726386219486317e-05
156,2018-03-14 07:48:03,2.3561888115121152e-05,2.3561888115121152e-05,2.3561888115121152e-05,2.3068035726671557e-05,2.4059490741532732e-05,3.834936333637359e-08,3.834936333637359e-08,3.834936333637359e-08,-1.6662031462959275e-08,-1.6662031462959275e-08,-1.6662031462959275e-08,2.1687331873414315e-08,2.1687331873414315e-08,2.1687331873414315e-08,2.1687331873414315e-08,2.1687331873414315e-08,2.1687331873414315e-08,2.3583575446994567e-05
157,2018-03-14 08:57:16,2.3513611032585505e-05,2.3513611032585505e-05,2.3513611032585505e-05,2.3105153831665508e-05,2.4074158171139377e-05,-3.7214905388236736e-08,-3.7214905388236736e-08,-3.7214905388236736e-08,1.078115529972261e-07,1.078115529972261e-07,1.078115529972261e-07,7.059664760898938e-08,7.059664760898938e-08,7.059664760898938e-08,7.059664760898938e-08,7.059664760898938e-08,7.059664760898938e-08,2.3584207680194493e-05
158,2018-03-14 11:47:14,2.3395063070221306e-05,2.3395063070221306e-05,2.3395063070221306e-05,2.2953873961615837e-05,2.3946736892203013e-05,-2.872190342377362e-08,-2.872190342377362e-08,-2.872190342377362e-08,8.865327147787182e-08,8.865327147787182e-08,8.865327147787182e-08,5.99313680540982e-08,5.99313680540982e-08,5.99313680540982e-08,5.99313680540982e-08,5.99313680540982e-08,5.99313680540982e-08,2.3454994438275405e-05
159,2018-03-14 12:53:54,2.334856455585998e-05,2.334856455585998e-05,2.334856455585998e-05,2.2845359043615388e-05,2.3821750355748057e-05,9.033684637864028e-09,9.033684637864028e-09,9.033684637864028e-09,-2.4418799046679718e-08,-2.4418799046679718e-08,-2.4418799046679718e-08,-1.5385114408815673e-08,-1.5385114408815673e-08,-1.5385114408815673e-08,-1.5385114408815673e-08,-1.5385114408815673e-08,-1.5385114408815673e-08,2.3333179441451164e-05
160,2018-03-14 14:49:22,2.3268029128986168e-05,2.3268029128986168e-05,2.3268029128986168e-05,2.2745564008973558e-05,2.3757857720455363e-05,2.8191568794469226e-08,2.8191568794469226e-08,2.8191568794469226e-08,-2.687756296978164e-08,-2.687756296978164e-08,-2.687756296978164e-08,1.3140058246875956e-09,1.3140058246875956e-09,1.3140058246875956e-09,1.3140058246875956e-09,1.3140058246875956e-09,1.3140058246875956e-09,2.3269343134810855e-05
161,2018-03-14 17:37:56,2.3150457635299244e-05,2.3150457635299244e-05,2.3150457635299244e-05,2.2988751137662104e-05,2.400086797867609e-05,2.6771301278759826e-07,2.6771301278759826e-07,2.6771301278759826e-07,7.086917338844172e-08,7.086917338844172e-08,7.086917338844172e-08,3.3858218617603996e-07,3.3858218617603996e-07,3.3858218617603996e-07,3.3858218617603996e-07,3.3858218617603996e-07,3.3858218617603996e-07,2.3489039821475285e-05
162,2018-03-14 18:50:20,2.3099960248649455e-05,2.3099960248649455e-05,2.3099960248649455e-05,2.2790000373910254e-05,2.3816623761137817e-05,1.9923629313276381e-07,1.9923629313276381e-07,1.9923629313276381e-07,8.222594208000215e-09,8.222594208000215e-09,8.222594208000215e-09,2.0745888734076405e-07,2.0745888734076405e-07,2.0745888734076405e-07,2.0745888734076405e-07,2.0745888734076405e-07,2.0745888734076405e-07,2.330741913599022e-05
163,2018-03-14 19:15:21,2.3082511681116918e-05,2.3082511681116918e-05,2.3082511681116918e-05,2.2752541644959287e-05,2.3693102852076575e-05,1.7296516159195804e-07,1.7296516159195804e-07,1.7296516159195804e-07,-6.2030729706376834e-09,-6.2030729706376834e-09,-6.2030729706376834e-09,1.667620886213204e-07,1.667620886213204e-07,1.667620886213204e-07,1.667620886213204e-07,1.667620886213204e-07,1.667620886213204e-07,2.3249273769738237e-05
164,2018-03-14 20:45:17,2.301978518517717e-05,2.301978518517717e-05,2.301978518517717e-05,2.2670133439036464e-05,2.364280015500288e-05,1.2313713961083146e-07,1.2313713961083146e-07,1.2313713961083146e-07,2.021587165034712e-08,2.021587165034712e-08,2.021587165034712e-08,1.4335301126117863e-07,1.4335301126117863e-07,1.4335301126117863e-07,1.4335301126117863e-07,1.4335301126117863e-07,1.4335301126117863e-07,2.3163138196438347e-05
165,2018-03-14 21:18:34,2.2996570801857737e-05,2.2996570801857737e-05,2.2996570801857737e-05,2.2616002879957484e-05,2.3589380277414414e-05,8.693763376113846e-08,8.693763376113846e-08,8.693763376113846e-08,-6.449302894633313e-09,-6.449302894633313e-09,-6.449302894633313e-09,8.048833086650514e-08,8.048833086650514e-08,8.048833086650514e-08,8.048833086650514e-08,8.048833086650514e-08,8.048833086650514e-08,2.3077059132724243e-05
166,2018-03-14 22:58:13,2.2927067147442655e-05,2.2927067147442655e-05,2.2927067147442655e-05,2.2076471501990914e-05,2.3055531616409262e-05,-2.1599685438189976e-07,-2.1599685438189976e-07,-2.1599685438189976e-07,-1.2372495751447106e-07,-1.2372495751447106e-07,-1.2372495751447106e-07,-3.397218118963708e-07,-3.397218118963708e-07,-3.397218118963708e-07,-3.397218118963708e-07,-3.397218118963708e-07,-3.397218118963708e-07,2.2587345335546284e-05
167,2018-03-14 23:29:31,2.2905236094926932e-05,2.2905236094926932e-05,2.2905236094926932e-05,2.2046497800318977e-05,2.3069717255317828e-05,-3.2084991661172765e-07,-3.2084991661172765e-07,-3.2084991661172765e-07,-1.9729192642756194e-08,-1.9729192642756194e-08,-1.9729192642756194e-08,-3.4057910925448384e-07,-3.4057910925448384e-07,-3.4057910925448384e-07,-3.4057910925448384e-07,-3.4057910925448384e-07,-3.4057910925448384e-07,2.2564656985672448e-05
168,2018-03-15 00:20:58,2.2869350866430637e-05,2.2869350866430637e-05,2.2869350866430637e-05,2.2025769904575667e-05,2.303517841242597e-05,-3.946873820500733e-07,-3.946873820500733e-07,-3.946873820500733e-07,7.494430152827098e-08,7.494430152827098e-08,7.494430152827098e-08,-3.197430805218023e-07,-3.197430805218023e-07,-3.197430805218023e-07,-3.197430805218023e-07,-3.197430805218023e-07,-3.197430805218023e-07,2.2549607785908835e-05
169,2018-03-15 02:56:59,2.276053271808149e-05,2.276053271808149e-05,2.276053271808149e-05,2.2304079989668875e-05,2.3286356900857077e-05,3.7556119858736855e-08,3.7556119858736855e-08,3.7556119858736855e-08,-1.8038078596828422e-09,-1.8038078596828422e-09,-1.8038078596828422e-09,3.5752311999054025e-08,3.5752311999054025e-08,3.5752311999054025e-08,3.5752311999054025e-08,3.5752311999054025e-08,3.5752311999054025e-08,2.279628503008054e-05
170,2018-03-15 03:35:00,2.2734016940238908e-05,2.2734016940238908e-05,2.2734016940238908e-05,2.2270738226816616e-05,2.3203086452915076e-05,7.385085207314954e-08,7.385085207314954e-08,7.385085207314954e-08,-7.611455290754053e-08,-7.611455290754053e-08,-7.611455290754053e-08,-2.263700834390972e-09,-2.263700834390972e-09,-2.263700834390972e-09,-2.263700834390972e-09,-2.263700834390972e-09,-2.263700834390972e-09,2.2731753239404518e-05
171,2018-03-15 04:19:35,2.270292105872689e-05,2.270292105872689e-05,2.270292105872689e-05,2.2258920978957596e-05,2.3275753801988982e-05,4.723292422738567e-08,4.723292422738567e-08,4.723292422738567e-08,3.312445169057667e-08,3.312445169057667e-08,3.312445169057667e-08,8.035737591796231e-08,8.035737591796231e-08,8.035737591796231e-08,8.035737591796231e-08,8.035737591796231e-08,8.035737591796231e-08,2.2783278434644852e-05
172,2018-03-15 05:07:37,2.2669418879094136e-05,2.2669418879094136e-05,2.2669418879094136e-05,2.2276226301749927e-05,2.325664319886573e-05,-1.7328117470565835e-09,-1.7328117470565835e-09,-1.7328117470565835e-09,1.0055279549914573e-07,1.0055279549914573e-07,1.0055279549914573e-07,9.881998375208914e-08,9.881998375208914e-08,9.881998375208914e-08,9.881998375208914e-08,9.881998375208914e-08,9.881998375208914e-08,2.2768238862846226e-05
173,2018-03-15 06:35:43,2.2607971092300674e-05,2.2607971092300674e-05,2.2607971092300674e-05,2.2090009682531344e-05,2.3138995756934618e-05,1.3492429849241758e-08,1.3492429849241758e-08,1.3492429849241758e-08,-3.36068978922129e-09,-3.36068978922129e-09,-3.36068978922129e-09,1.0131740060020468e-08,1.0131740060020468e-08,1.0131740060020468e-08,1.0131740060020468e-08,1.0131740060020468e-08,1.0131740060020468e-08,2.2618102832360695e-05
174,2018-03-15 07:40:35,2.256272803777927e-05,2.2562728037779265e-05,2.2562728037779265e-05,2.1990147131389745e-05,2.2998930732646264e-05,4.068214666270557e-08,4.068214666270557e-08,4.068214666270557e-08,-8.189647703377233e-08,-8.189647703377233e-08,-8.189647703377233e-08,-4.121433037106673e-08,-4.121433037106673e-08,-4.121433037106673e-08,-4.121433037106673e-08,-4.121433037106673e-08,-4.121433037106673e-08,2.2521513707408202e-05
175,2018-03-15 08:39:38,2.2521541978640176e-05,2.2521541978640176e-05,2.2521541978640176e-05,2.1939826794998454e-05,2.2943382351558137e-05,-1.184109853787766e-08,-1.184109853787766e-08,-1.184109853787766e-08,-4.272715169331542e-08,-4.272715169331542e-08,-4.272715169331542e-08,-5.4568250231193067e-08,-5.4568250231193067e-08,-5.4568250231193067e-08,-5.4568250231193067e-08,-5.4568250231193067e-08,-5.4568250231193067e-08,2.2466973728408985e-05
176,2018-03-15 09:28:59,2.2487121453347813e-05,2.2487121453347813e-05,2.2487121453347813e-05,2.1873736288950486e-05,2.2882802430227617e-05,-7.964429486936729e-08,-7.964429486936729e-08,-7.964429486936729e-08,-2.4698025175691834e-08,-2.4698025175691834e-08,-2.4698025175691834e-08,-1.0434232004505914e-07,-1.0434232004505914e-07,-1.0434232004505914e-07,-1.0434232004505914e-07,-1.0434232004505914e-07,-1.0434232004505914e-07,2.2382779133302753e-05
177,2018-03-15 10:46:51,2.2432811188516364e-05,2.2432811188516364e-05,2.2432811188516364e-05,2.1875696187819975e-05,2.2878051858273386e-05,-9.368770291640271e-08,-9.368770291640271e-08,-9.368770291640271e-08,2.8856074876746695e-08,2.8856074876746695e-08,2.8856074876746695e-08,-6.483162803965603e-08,-6.483162803965603e-08,-6.483162803965603e-08,-6.483162803965603e-08,-6.483162803965603e-08,-6.483162803965603e-08,2.236797956047671e-05
178,2018-03-15 13:34:06,2.231615804048905e-05,2.231615804048905e-05,2.231615804048905e-05,2.181295926844405e-05,2.279962179153876e-05,2.6197659737447194e-09,2.6197659737447194e-09,2.6197659737447194e-09,-1.9532362152277342e-08,-1.9532362152277342e-08,-1.9532362152277342e-08,-1.691259617853263e-08,-1.691259617853263e-08,-1.691259617853263e-08,-1.691259617853263e-08,-1.691259617853263e-08,-1.691259617853263e-08,2.2299245444310517e-05
179,2018-03-15 14:20:09,2.2284039191660004e-05,2.2284039191660007e-05,2.2284039191660007e-05,2.1638657711732938e-05,2.263589211147647e-05,4.489399031070334e-09,4.489399031070334e-09,4.489399031070334e-09,-1.2842404813588685e-07,-1.2842404813588685e-07,-1.2842404813588685e-07,-1.2393464910481652e-07,-1.2393464910481652e-07,-1.2393464910481652e-07,-1.2393464910481652e-07,-1.2393464910481652e-07,-1.2393464910481652e-07,2.2160104542555186e-05
180,2018-03-15 17:55:47,2.2133639746799277e-05,2.2133639746799277e-05,2.2133639746799277e-05,2.1776191089287148e-05,2.2780685496067047e-05,2.5808833056677815e-07,2.5808833056677815e-07,2.5808833056677815e-07,-1.1631414194558462e-07,-1.1631414194558462e-07,-1.1631414194558462e-07,1.4177418862119348e-07,1.4177418862119348e-07,1.4177418862119348e-07,1.4177418862119348e-07,1.4177418862119348e-07,1.4177418862119348e-07,2.2275413935420472e-05
181,2018-03-15 18:49:32,2.209615031955582e-05,2.209615031955582e-05,2.209615031955582e-05,2.184128177531107e-05,2.28424228979404e-05,2.0016282415057605e-07,2.0016282415057605e-07,2.0016282415057605e-07,4.506626511636159e-08,4.506626511636159e-08,4.506626511636159e-08,2.452290892669376e-07,2.452290892669376e-07,2.452290892669376e-07,2.452290892669376e-07,2.452290892669376e-07,2.452290892669376e-07,2.2341379408822758e-05
182,2018-03-15 21:32:31,2.198247307645078e-05,2.198247307645078e-05,2.198247307645078e-05,2.15391637942781e-05,2.255422291125756e-05,6.171614055209086e-08,6.171614055209086e-08,6.171614055209086e-08,-2.648406630537522e-08,-2.648406630537522e-08,-2.648406630537522e-08,3.523207424671563e-08,3.523207424671563e-08,3.523207424671563e-08,3.523207424671563e-08,3.523207424671563e-08,3.523207424671563e-08,2.2017705150697496e-05
183,2018-03-15 22:25:24,2.194558812989466e-05,2.194558812989466e-05,2.194558812989466e-05,2.1420620856995157e-05,2.2412609014076943e-05,-9.287574588895445e-08,-9.287574588895445e-08,-9.287574588895445e-08,8.329371479280951e-08,8.329371479280951e-08,8.329371479280951e-08,-9.582031096144944e-09,-9.582031096144944e-09,-9.582031096144944e-09,-9.582031096144944e-09,-9.582031096144944e-09,-9.582031096144944e-09,2.1936006098798514e-05
184,2018-03-16 01:26:40,2.181915866921254e-05,2.181915866921254e-05,2.181915866921254e-05,2.106349326054051e-05,2.2107048948680223e-05,-2.5781923210917586e-07,-2.5781923210917586e-07,-2.5781923210917586e-07,2.942894004575894e-08,2.942894004575894e-08,2.942894004575894e-08,-2.2839029206341693e-07,-2.2839029206341693e-07,-2.2839029206341693e-07,-2.2839029206341693e-07,-2.2839029206341693e-07,-2.2839029206341693e-07,2.1590768377149124e-05
185,2018-03-16 02:59:46,2.175422349383829e-05,2.175422349383829e-05,2.175422349383829e-05,2.1298127083176514e-05,2.2256047416967276e-05,4.253521565680391e-08,4.253521565680391e-08,4.253521565680391e-08,-1.4644593440454566e-08,-1.4644593440454566e-08,-1.4644593440454566e-08,2.7890622216349327e-08,2.7890622216349327e-08,2.7890622216349327e-08,2.7890622216349327e-08,2.7890622216349327e-08,2.7890622216349327e-08,2.1782114116054638e-05
186,2018-03-16 04:42:58,2.1682243793530855e-05,2.1682243793530855e-05,2.1682243793530855e-05,2.1116939167662055e-05,2.209365538272924e-05,2.1369561300534706e-08,2.1369561300534706e-08,2.1369561300534706e-08,-1.0384455037674519e-07,-1.0384455037674519e-07,-1.0384455037674519e-07,-8.247498907621048e-08,-8.247498907621048e-08,-8.247498907621048e-08,-8.247498907621048e-08,-8.247498907621048e-08,-8.247498907621048e-08,2.1599768804454643e-05
187,2018-03-16 05:42:02,2.1641046109763165e-05,2.1641046109763165e-05,2.1641046109763165e-05,2.0976304299282966e-05,2.1956110586701723e-05,-1.4016463752599313e-08,-1.4016463752599313e-08,-1.4016463752599313e-08,-1.3100020690328978e-07,-1.3100020690328978e-07,-1.3100020690328978e-07,-1.4501667065588914e-07,-1.4501667065588914e-07,-1.4501667065588914e-07,-1.4501667065588914e-07,-1.4501667065588914e-07,-1.4501667065588914e-07,2.1496029439107275e-05
188,2018-03-16 06:48:44,2.159452434609547e-05,2.159452434609547e-05,2.159452434609547e-05,2.109487342903492e-05,2.2085032210152734e-05,2.3351856804260315e-08,2.3351856804260315e-08,2.3351856804260315e-08,-4.679916035486036e-09,-4.679916035486036e-09,-4.679916035486036e-09,1.8671940768774284e-08,1.8671940768774284e-08,1.8671940768774284e-08,1.8671940768774284e-08,1.8671940768774284e-08,1.8671940768774284e-08,2.1613196286864246e-05
189,2018-03-16 08:38:09,2.1518208659319257e-05,2.1518208659319257e-05,2.1518208659319257e-05,2.0962760819035255e-05,2.1927337899543525e-05,-9.785081378020407e-09,-9.785081378020407e-09,-9.785081378020407e-09,-8.281620890733736e-08,-8.281620890733736e-08,-8.281620890733736e-08,-9.260129028535778e-08,-9.260129028535778e-08,-9.260129028535778e-08,-9.260129028535778e-08,-9.260129028535778e-08,-9.260129028535778e-08,2.1425607369033898e-05
190,2018-03-16 09:53:02,2.146597920300767e-05,2.146597920300767e-05,2.146597920300767e-05,2.0962171379946896e-05,2.19807394736095e-05,-1.0064075802839562e-07,-1.0064075802839562e-07,-1.0064075802839562e-07,1.0293812419958816e-07,1.0293812419958816e-07,1.0293812419958816e-07,2.297366171192543e-09,2.297366171192543e-09,2.297366171192543e-09,2.297366171192543e-09,2.297366171192543e-09,2.297366171192543e-09,2.1468276569178863e-05
191,2018-03-16 10:19:45,2.1447344923357667e-05,2.1447344923357667e-05,2.1447344923357667e-05,2.0873229628790824e-05,2.1845765306217384e-05,-1.0662893450552727e-07,-1.0662893450552727e-07,-1.0662893450552727e-07,-5.018550845605796e-09,-5.018550845605796e-09,-5.018550845605796e-09,-1.1164748535113307e-07,-1.1164748535113307e-07,-1.1164748535113307e-07,-1.1164748535113307e-07,-1.1164748535113307e-07,-1.1164748535113307e-07,2.1335697438006536e-05
192,2018-03-16 12:43:46,2.134689650760241e-05,2.134689650760241e-05,2.134689650760241e-05,2.0948257239755264e-05,2.1932385175335887e-05,8.118263403391659e-09,8.118263403391659e-09,8.118263403391659e-09,6.749554962590395e-08,6.749554962590395e-08,6.749554962590395e-08,7.561381302929559e-08,7.561381302929559e-08,7.561381302929559e-08,7.561381302929559e-08,7.561381302929559e-08,7.561381302929559e-08,2.1422510320631706e-05
193,2018-03-16 15:53:13,2.1214759354276406e-05,2.121475935427641e-05,2.121475935427641e-05,2.0962845398695784e-05,2.1945967982787225e-05,1.44116244800609e-07,1.44116244800609e-07,1.44116244800609e-07,9.823578472964367e-08,9.823578472964367e-08,9.823578472964367e-08,2.4235202953025273e-07,2.4235202953025273e-07,2.4235202953025273e-07,2.4235202953025273e-07,2.4235202953025273e-07,2.4235202953025273e-07,2.145711138380666e-05
194,2018-03-16 17:32:20,2.114562768797661e-05,2.114562768797661e-05,2.114562768797661e-05,2.103736524053839e-05,2.1991113675910475e-05,2.689812465794361e-07,2.689812465794361e-07,2.689812465794361e-07,7.930842736216944e-08,7.930842736216944e-08,7.930842736216944e-08,3.482896739416055e-07,3.482896739416055e-07,3.482896739416055e-07,3.482896739416055e-07,3.482896739416055e-07,3.482896739416055e-07,2.1493917361918216e-05
195,2018-03-16 20:55:00,2.100427220416872e-05,2.100427220416872e-05,2.100427220416872e-05,2.0689695844539735e-05,2.1676637675203328e-05,1.1550600322553326e-07,1.1550600322553326e-07,1.1550600322553326e-07,6.151541499811011e-08,6.151541499811011e-08,6.151541499811011e-08,1.7702141822364334e-07,1.7702141822364334e-07,1.7702141822364334e-07,1.7702141822364334e-07,1.7702141822364334e-07,1.7702141822364334e-07,2.1181293622392363e-05
196,2018-03-16 21:23:14,2.0984580083315883e-05,2.0984580083315883e-05,2.0984580083315883e-05,2.0652171376164258e-05,2.1612896255481915e-05,7.924596552965616e-08,7.924596552965616e-08,7.924596552965616e-08,8.865327163349385e-08,8.865327163349385e-08,8.865327163349385e-08,1.6789923716315e-07,1.6789923716315e-07,1.6789923716315e-07,1.6789923716315e-07,1.6789923716315e-07,1.6789923716315e-07,2.1152479320479033e-05
197,2018-03-16 22:41:11,2.0930211695341413e-05,2.0930211695341413e-05,2.0930211695341413e-05,2.026778011729521e-05,2.1286701867691576e-05,-1.5169859253788738e-07,-1.5169859253788738e-07,-1.5169859253788738e-07,-1.389982948626098e-08,-1.389982948626098e-08,-1.389982948626098e-08,-1.6559842202414835e-07,-1.6559842202414835e-07,-1.6559842202414835e-07,-1.6559842202414835e-07,-1.6559842202414835e-07,-1.6559842202414835e-07,2.0764613273317264e-05
198,2018-03-17 01:56:34,2.0793936174232878e-05,2.0793936174232878e-05,2.0793936174232878e-05,2.0115804861197228e-05,2.1114576420322004e-05,-1.4573524830466298e-07,-1.4573524830466298e-07,-1.4573524830466298e-07,-3.947852879085859e-08,-3.947852879085859e-08,-3.947852879085859e-08,-1.852137770955216e-07,-1.852137770955216e-07,-1.852137770955216e-07,-1.852137770955216e-07,-1.852137770955216e-07,-1.852137770955216e-07,2.0608722397137355e-05
199,2018-03-17 02:02:50,2.078956531387829e-05,2.078956531387829e-05,2.078956531387829e-05,2.0146974332033054e-05,2.112216918343777e-05,-1.2212034830653053e-07,-1.2212034830653053e-07,-1.2212034830653053e-07,-1.9140891223427973e-08,-1.9140891223427973e-08,-1.9140891223427973e-08,-1.412612395299585e-07,-1.412612395299585e-07,-1.412612395299585e-07,-1.412612395299585e-07,-1.412612395299585e-07,-1.412612395299585e-07,2.064830407434833e-05
200,2018-03-17 03:02:50,2.074771665090885e-05,2.074771665090885e-05,2.074771665090885e-05,2.0295329149443373e-05,2.126442745254028e-05,4.759027803338606e-08,4.759027803338606e-08,4.759027803338606e-08,-2.0367965452633327e-08,-2.0367965452633327e-08,-2.0367965452633327e-08,2.7222312580752755e-08,2.7222312580752755e-08,2.7222312580752755e-08,2.7222312580752755e-08,2.7222312580752755e-08,2.7222312580752755e-08,2.0774938963489604e-05
201,2018-03-17 04:02:50,2.0705867987939413e-05,2.0705867987939413e-05,2.0705867987939413e-05,2.0296332972186224e-05,2.129123863304612e-05,6.306166628098898e-08,6.306166628098898e-08,6.306166628098898e-08,1.1808089839029729e-08,1.1808089839029729e-08,1.1808089839029729e-08,7.48697561200187e-08,7.48697561200187e-08,7.48697561200187e-08,7.48697561200187e-08,7.48697561200187e-08,7.48697561200187e-08,2.0780737744059433e-05
202,2018-03-17 05:02:50,2.0664019324969973e-05,2.066151965888159e-05,2.0664717904726247e-05,2.0251133239966918e-05,2.1225197007218265e-05,2.0190851148089066e-09,2.0190851148089066e-09,2.0190851148089066e-09,6.457947566102958e-08,6.457947566102958e-08,6.457947566102958e-08,6.659856077583846e-08,6.659856077583846e-08,6.659856077583846e-08,6.659856077583846e-08,6.659856077583846e-08,6.659856077583846e-08,2.0730617885745813e-05
203,2018-03-17 06:02:50,2.0622170662000533e-05,2.0615639111599335e-05,2.062482829665534e-05,2.0224533846546848e-05,2.124080659804348e-05,-8.455336843981116e-09,-8.455336843981116e-09,-8.455336843981116e-09,1.049264364842834e-07,1.049264364842834e-07,1.049264364842834e-07,9.647109964030228e-08,9.647109964030228e-08,9.647109964030228e-08,9.647109964030228e-08,9.647109964030228e-08,9.647109964030228e-08,2.0718641761640836e-05
204,2018-03-17 07:02:50,2.058032199903109e-05,2.0568330412293077e-05,2.0586547574253544e-05,2.0223325263654158e-05,2.1177996062043288e-05,3.265380703472487e-08,3.265380703472487e-08,3.265380703472487e-08,1.003305878263093e-07,1.003305878263093e-07,1.003305878263093e-07,1.329843948610342e-07,1.329843948610342e-07,1.329843948610342e-07,1.329843948610342e-07,1.329843948610342e-07,1.329843948610342e-07,2.0713306393892123e-05
205,2018-03-17 08:02:50,2.053847333606165e-05,2.0522008690734165e-05,2.0549198408450997e-05,2.0122420716997923e-05,2.1093951950684184e-05,2.9624605787721853e-08,2.9624605787721853e-08,2.9624605787721853e-08,4.6692077074133925e-08,4.6692077074133925e-08,4.6692077074133925e-08,7.631668286185578e-08,7.631668286185578e-08,7.631668286185578e-08,7.631668286185578e-08,7.631668286185578e-08,7.631668286185578e-08,2.0614790018923506e-05
206,2018-03-17 09:02:50,2.0496624673092213e-05,2.04728192913573e-05,2.0514377917258367e-05,1.9892659526239623e-05,2.0911430050683463e-05,-4.527940367170604e-08,-4.527940367170604e-08,-4.527940367170604e-08,-1.4652008619775222e-08,-1.4652008619775222e-08,-1.4652008619775222e-08,-5.993141229148124e-08,-5.993141229148124e-08,-5.993141229148124e-08,-5.993141229148124e-08,-5.993141229148124e-08,-5.993141229148124e-08,2.043669326080073e-05
207,2018-03-17 10:02:50,2.0454776010122773e-05,2.0424374444778355e-05,2.0480194842030443e-05,1.9814841646003895e-05,2.0826053261892252e-05,-1.0509777712869921e-07,-1.0509777712869921e-07,-1.0509777712869921e-07,-2.3652923776761352e-08,-2.3652923776761352e-08,-2.3652923776761352e-08,-1.2875070090546055e-07,-1.2875070090546055e-07,-1.2875070090546055e-07,-1.2875070090546055e-07,-1.2875070090546055e-07,-1.2875070090546055e-07,2.0326025309217312e-05
208,2018-03-17 11:02:50,2.0412927347153332e-05,2.0376903642677324e-05,2.04461414752979e-05,1.98362556375479e-05,2.0858708852376393e-05,-7.90365310166088e-08,-7.90365310166088e-08,-7.90365310166088e-08,3.471601475970894e-08,3.471601475970894e-08,3.471601475970894e-08,-4.432051625689986e-08,-4.432051625689986e-08,-4.432051625689986e-08,-4.432051625689986e-08,-4.432051625689986e-08,-4.432051625689986e-08,2.0368606830896434e-05
209,2018-03-17 12:02:50,2.037107868418389e-05,2.0326407100333832e-05,2.0413182303081162e-05,1.996230257972678e-05,2.0942435424563983e-05,-1.3449230783643191e-08,-1.3449230783643191e-08,-1.3449230783643191e-08,9.84821793044789e-08,9.84821793044789e-08,9.84821793044789e-08,8.503294852083572e-08,8.503294852083572e-08,8.503294852083572e-08,8.503294852083572e-08,8.503294852083572e-08,8.503294852083572e-08,2.0456111632704723e-05
210,2018-03-17 13:02:50,2.032923002121445e-05,2.0276422180735514e-05,2.0380524106172444e-05,1.9934685223589372e-05,2.0958214257398697e-05,8.660707946400425e-09,8.660707946400425e-09,8.660707946400425e-09,8.420427159120306e-08,8.420427159120306e-08,8.420427159120306e-08,9.286497953760347e-08,9.286497953760347e-08,9.286497953760347e-08,9.286497953760347e-08,9.286497953760347e-08,9.286497953760347e-08,2.0422095000752052e-05
211,2018-03-17 14:02:50,2.0287381358245012e-05,2.0225880367281473e-05,2.0345987596623322e-05,1.9758447811631438e-05,2.0780275649737845e-05,-6.934118729294755e-11,-6.934118729294755e-11,-6.934118729294755e-11,-1.637210927339117e-08,-1.637210927339117e-08,-1.637210927339117e-08,-1.6441450460684097e-08,-1.6441450460684097e-08,-1.6441450460684097e-08,-1.6441450460684097e-08,-1.6441450460684097e-08,-1.6441450460684097e-08,2.0270939907784328e-05
212,2018-03-17 15:02:50,2.0245532695275572e-05,2.01770182761714e-05,2.0313540815743185e-05,1.9660328288475114e-05,2.071897277122528e-05,4.642497503942002e-08,4.642497503942002e-08,4.642497503942002e-08,-1.1301281839932079e-07,-1.1301281839932079e-07,-1.1301281839932079e-07,-6.658784335990077e-08,-6.658784335990077e-08,-6.658784335990077e-08,-6.658784335990077e-08,-6.658784335990077e-08,-6.658784335990077e-08,2.017894485191567e-05
213,2018-03-17 16:02:50,2.0203684032306132e-05,2.0124777736950687e-05,2.0282722972512938e-05,1.9782717713416918e-05,2.0767733212854014e-05,1.6468668831638944e-07,1.6468668831638944e-07,1.6468668831638944e-07,-1.0907209049600699e-07,-1.0907209049600699e-07,-1.0907209049600699e-07,5.561459782038245e-08,5.561459782038245e-08,5.561459782038245e-08,5.561459782038245e-08,5.561459782038245e-08,5.561459782038245e-08,2.0259298630126514e-05
214,2018-03-17 17:02:50,2.0161835369336692e-05,2.0074258375067003e-05,2.0255496135748887e-05,1.990043370977441e-05,2.0903788717310843e-05,2.596032269138247e-07,2.596032269138247e-07,2.596032269138247e-07,-1.0540984269508243e-08,-1.0540984269508243e-08,-1.0540984269508243e-08,2.490622426443165e-07,2.490622426443165e-07,2.490622426443165e-07,2.490622426443165e-07,2.490622426443165e-07,2.490622426443165e-07,2.041089761198101e-05
215,2018-03-17 18:02:50,2.0119986706367255e-05,2.0023581493813558e-05,2.0227899471611893e-05,1.9901131450532352e-05,2.09714164516855e-05,2.522964925417429e-07,2.522964925417429e-07,2.522964925417429e-07,7.681358211521332e-08,7.681358211521332e-08,7.681358211521332e-08,3.291100746569562e-07,3.291100746569562e-07,3.291100746569562e-07,3.291100746569562e-07,3.291100746569562e-07,3.291100746569562e-07,2.044909678102421e-05
216,2018-03-17 19:02:50,2.0078138043397812e-05,1.997218566262402e-05,2.020155032080797e-05,1.9783510940780245e-05,2.0850463115881275e-05,1.8534968148515086e-07,1.8534968148515086e-07,1.8534968148515086e-07,6.216857361222932e-08,6.216857361222932e-08,6.216857361222932e-08,2.4751825509738015e-07,2.4751825509738015e-07,2.4751825509738015e-07,2.4751825509738015e-07,2.4751825509738015e-07,2.4751825509738015e-07,2.032565629849519e-05
217,2018-03-17 20:02:50,2.003628938042837e-05,1.991917238640615e-05,2.0175484412995582e-05,1.9586936873269145e-05,2.0649130943574165e-05,1.4296151326151868e-07,1.4296151326151868e-07,1.4296151326151868e-07,-3.609919049130514e-08,-3.609919049130514e-08,-3.609919049130514e-08,1.0686232277021354e-07,1.0686232277021354e-07,1.0686232277021354e-07,1.0686232277021354e-07,1.0686232277021354e-07,1.0686232277021354e-07,2.0143151703198584e-05
218,2018-03-17 21:02:50,1.999444071745893e-05,1.9868009929079667e-05,2.0148832167288414e-05,1.9451794063208684e-05,2.0465507644715087e-05,1.0775746854287095e-07,1.0775746854287095e-07,1.0775746854287095e-07,-1.203783403593651e-07,-1.203783403593651e-07,-1.203783403593651e-07,-1.2620871816494132e-08,-1.2620871816494132e-08,-1.2620871816494132e-08,-1.2620871816494132e-08,-1.2620871816494132e-08,-1.2620871816494132e-08,1.998181984564244e-05
219,2018-03-17 22:02:50,1.995259205448949e-05,1.9808977831843044e-05,2.0118420385864977e-05,1.925851885370239e-05,2.033263535485934e-05,-1.655368907883e-08,-1.655368907883e-08,-1.655368907883e-08,-1.2257409430893427e-07,-1.2257409430893427e-07,-1.2257409430893427e-07,-1.3912778338776428e-07,-1.3912778338776428e-07,-1.3912778338776428e-07,-1.3912778338776428e-07,-1.3912778338776428e-07,-1.3912778338776428e-07,1.981346427110173e-05
220,2018-03-17 23:02:50,1.9910743391520055e-05,1.975504166133347e-05,2.0088409299499988e-05,1.907414687220541e-05,2.0139187202654872e-05,-2.3298221056445355e-07,-2.3298221056445355e-07,-2.3298221056445355e-07,-6.383439230662555e-08,-6.383439230662555e-08,-6.383439230662555e-08,-2.968166028710791e-07,-2.968166028710791e-07,-2.968166028710791e-07,-2.968166028710791e-07,-2.968166028710791e-07,-2.968166028710791e-07,1.9613926788648975e-05
221,2018-03-18 00:02:50,1.9868894728550615e-05,1.9699443797490763e-05,2.0057848048626113e-05,1.8978583153757407e-05,2.00206478336468e-05,-3.868852428664677e-07,-3.868852428664677e-07,-3.868852428664677e-07,-1.181106516509707e-08,-1.181106516509707e-08,-1.181106516509707e-08,-3.9869630803156473e-07,-3.9869630803156473e-07,-3.9869630803156473e-07,-3.9869630803156473e-07,-3.9869630803156473e-07,-3.9869630803156473e-07,1.947019842051905e-05
222,2018-03-18 01:02:50,1.982704606558117e-05,1.9642938550910295e-05,2.0030845553145926e-05,1.8938785433062845e-05,2.0066808981489393e-05,-3.3276108485563476e-07,-3.3276108485563476e-07,-3.3276108485563476e-07,-3.2124140981923963e-09,-3.2124140981923963e-09,-3.2124140981923963e-09,-3.3597349895382717e-07,-3.3597349895382717e-07,-3.3597349895382717e-07,-3.3597349895382717e-07,-3.3597349895382717e-07,-3.3597349895382717e-07,1.9491072566627343e-05
223,2018-03-18 02:02:50,1.978519740261173e-05,1.9585491192609823e-05,2.0001126379820624e-05,1.9116152612420424e-05,2.0207549238653905e-05,-1.2212034830586217e-07,-1.2212034830586217e-07,-1.2212034830586217e-07,-1.9140891316211704e-08,-1.9140891316211704e-08,-1.9140891316211704e-08,-1.412612396220739e-07,-1.412612396220739e-07,-1.412612396220739e-07,-1.412612396220739e-07,-1.412612396220739e-07,-1.412612396220739e-07,1.9643936162989656e-05
