{
  "name": "seiyria-bootstrap-slider",
  "version": "10.0.0",
  "homepage": "https://github.com/seiyria/bootstrap-slider",
  "authors": [
    "Kyle Kemp <kyle@seiyria.com>",
    "Rohit Kalkur <rohit.kalkur@gmail.com>"
  ],
  "description": "a slider element for bootstrap 2/3",
  "main": [
    "dist/bootstrap-slider.js",
    "dist/css/bootstrap-slider.css"
  ],
  "keywords": [
    "slider",
    "bootstrap2",
    "bootstrap3",
    "bootstrap"
  ],
  "license": "MIT",
  "ignore": [
    "**/.*",
    "node_modules",
    "bower_components"
  ],
  "_release": "10.0.0",
  "_resolution": {
    "type": "version",
    "tag": "v10.0.0",
    "commit": "a05333aa096432064904ec9203d88235e1a2f348"
  },
  "_source": "https://github.com/seiyria/bootstrap-slider.git",
  "_target": "^10.0.0",
  "_originalSource": "seiyria-bootstrap-slider",
  "_direct": true
}